pid,group,mat2v1,mat3v1,pull
1,0.5,-0.3333333333333333,-0.3333333333333333,-1.5
1,0.5,0.6666666666666666,-0.3333333333333333,0
1,0.5,-0.3333333333333333,0.6666666666666666,4.5
2,0.5,-0.3333333333333333,-0.3333333333333333,1
2,0.5,0.6666666666666666,-0.3333333333333333,-6.5
2,0.5,-0.3333333333333333,0.6666666666666666,7.5
3,0.5,-0.3333333333333333,-0.3333333333333333,9.5
3,0.5,0.6666666666666666,-0.3333333333333333,0
3,0.5,-0.3333333333333333,0.6666666666666666,4.5
4,0.5,-0.3333333333333333,-0.3333333333333333,12
4,0.5,0.6666666666666666,-0.3333333333333333,1
4,0.5,-0.3333333333333333,0.6666666666666666,6
5,0.5,-0.3333333333333333,-0.3333333333333333,12
5,0.5,0.6666666666666666,-0.3333333333333333,0
5,0.5,-0.3333333333333333,0.6666666666666666,12
6,0.5,-0.3333333333333333,-0.3333333333333333,6.5
6,0.5,0.6666666666666666,-0.3333333333333333,2.5
6,0.5,-0.3333333333333333,0.6666666666666666,4
7,0.5,-0.3333333333333333,-0.3333333333333333,1
7,0.5,0.6666666666666666,-0.3333333333333333,0
7,0.5,-0.3333333333333333,0.6666666666666666,4
8,0.5,-0.3333333333333333,-0.3333333333333333,7
8,0.5,0.6666666666666666,-0.3333333333333333,7.5
8,0.5,-0.3333333333333333,0.6666666666666666,6
9,0.5,-0.3333333333333333,-0.3333333333333333,6
9,0.5,0.6666666666666666,-0.3333333333333333,9
9,0.5,-0.3333333333333333,0.6666666666666666,4.5
10,0.5,-0.3333333333333333,-0.3333333333333333,1
10,0.5,0.6666666666666666,-0.3333333333333333,1
10,0.5,-0.3333333333333333,0.6666666666666666,2
11,0.5,-0.3333333333333333,-0.3333333333333333,11.5
11,0.5,0.6666666666666666,-0.3333333333333333,6.5
11,0.5,-0.3333333333333333,0.6666666666666666,10.5
12,0.5,-0.3333333333333333,-0.3333333333333333,2.5
12,0.5,0.6666666666666666,-0.3333333333333333,-1
12,0.5,-0.3333333333333333,0.6666666666666666,-1.5
13,0.5,-0.3333333333333333,-0.3333333333333333,2.5
13,0.5,0.6666666666666666,-0.3333333333333333,4
13,0.5,-0.3333333333333333,0.6666666666666666,2.5
14,0.5,-0.3333333333333333,-0.3333333333333333,1
14,0.5,0.6666666666666666,-0.3333333333333333,-2
14,0.5,-0.3333333333333333,0.6666666666666666,2
15,0.5,-0.3333333333333333,-0.3333333333333333,-6
15,0.5,0.6666666666666666,-0.3333333333333333,-1
15,0.5,-0.3333333333333333,0.6666666666666666,-10.5
16,0.5,-0.3333333333333333,-0.3333333333333333,3.5
16,0.5,0.6666666666666666,-0.3333333333333333,-1
16,0.5,-0.3333333333333333,0.6666666666666666,0
17,0.5,-0.3333333333333333,-0.3333333333333333,-1
17,0.5,0.6666666666666666,-0.3333333333333333,-2.5
17,0.5,-0.3333333333333333,0.6666666666666666,-1
18,0.5,-0.3333333333333333,-0.3333333333333333,2.5
18,0.5,0.6666666666666666,-0.3333333333333333,5.5
18,0.5,-0.3333333333333333,0.6666666666666666,3.5
19,0.5,-0.3333333333333333,-0.3333333333333333,12
19,0.5,0.6666666666666666,-0.3333333333333333,0
19,0.5,-0.3333333333333333,0.6666666666666666,12
20,0.5,-0.3333333333333333,-0.3333333333333333,5
20,0.5,0.6666666666666666,-0.3333333333333333,7.5
20,0.5,-0.3333333333333333,0.6666666666666666,3.5
21,0.5,-0.3333333333333333,-0.3333333333333333,0.5
21,0.5,0.6666666666666666,-0.3333333333333333,0.5
21,0.5,-0.3333333333333333,0.6666666666666666,1.5
22,0.5,-0.3333333333333333,-0.3333333333333333,6.5
22,0.5,0.6666666666666666,-0.3333333333333333,5
22,0.5,-0.3333333333333333,0.6666666666666666,4
23,0.5,-0.3333333333333333,-0.3333333333333333,0
23,0.5,0.6666666666666666,-0.3333333333333333,2.5
23,0.5,-0.3333333333333333,0.6666666666666666,2.5
24,0.5,-0.3333333333333333,-0.3333333333333333,2.5
24,0.5,0.6666666666666666,-0.3333333333333333,1.5
24,0.5,-0.3333333333333333,0.6666666666666666,1.5
25,0.5,-0.3333333333333333,-0.3333333333333333,4.5
25,0.5,0.6666666666666666,-0.3333333333333333,2
25,0.5,-0.3333333333333333,0.6666666666666666,3.5
26,0.5,-0.3333333333333333,-0.3333333333333333,3.5
26,0.5,0.6666666666666666,-0.3333333333333333,-3.5
26,0.5,-0.3333333333333333,0.6666666666666666,-1
27,0.5,-0.3333333333333333,-0.3333333333333333,7
27,0.5,0.6666666666666666,-0.3333333333333333,-2
27,0.5,-0.3333333333333333,0.6666666666666666,-2.5
28,0.5,-0.3333333333333333,-0.3333333333333333,0
28,0.5,0.6666666666666666,-0.3333333333333333,0
28,0.5,-0.3333333333333333,0.6666666666666666,0
29,0.5,-0.3333333333333333,-0.3333333333333333,0
29,0.5,0.6666666666666666,-0.3333333333333333,0
29,0.5,-0.3333333333333333,0.6666666666666666,0
30,0.5,-0.3333333333333333,-0.3333333333333333,0
30,0.5,0.6666666666666666,-0.3333333333333333,0
30,0.5,-0.3333333333333333,0.6666666666666666,0
31,0.5,-0.3333333333333333,-0.3333333333333333,-0.5
31,0.5,0.6666666666666666,-0.3333333333333333,4
31,0.5,-0.3333333333333333,0.6666666666666666,3
32,0.5,-0.3333333333333333,-0.3333333333333333,4.5
32,0.5,0.6666666666666666,-0.3333333333333333,6
32,0.5,-0.3333333333333333,0.6666666666666666,1.5
33,0.5,-0.3333333333333333,-0.3333333333333333,12
33,0.5,0.6666666666666666,-0.3333333333333333,11.5
33,0.5,-0.3333333333333333,0.6666666666666666,6
34,0.5,-0.3333333333333333,-0.3333333333333333,6
34,0.5,0.6666666666666666,-0.3333333333333333,0
34,0.5,-0.3333333333333333,0.6666666666666666,0
35,0.5,-0.3333333333333333,-0.3333333333333333,12
35,0.5,0.6666666666666666,-0.3333333333333333,0
35,0.5,-0.3333333333333333,0.6666666666666666,12
36,0.5,-0.3333333333333333,-0.3333333333333333,-1.5
36,0.5,0.6666666666666666,-0.3333333333333333,3
36,0.5,-0.3333333333333333,0.6666666666666666,0
37,0.5,-0.3333333333333333,-0.3333333333333333,12
37,0.5,0.6666666666666666,-0.3333333333333333,0
37,0.5,-0.3333333333333333,0.6666666666666666,12
38,0.5,-0.3333333333333333,-0.3333333333333333,8
38,0.5,0.6666666666666666,-0.3333333333333333,7.5
38,0.5,-0.3333333333333333,0.6666666666666666,6.5
39,0.5,-0.3333333333333333,-0.3333333333333333,-6
39,0.5,0.6666666666666666,-0.3333333333333333,-2
39,0.5,-0.3333333333333333,0.6666666666666666,1.5
40,0.5,-0.3333333333333333,-0.3333333333333333,-0.5
40,0.5,0.6666666666666666,-0.3333333333333333,0
40,0.5,-0.3333333333333333,0.6666666666666666,0
41,0.5,-0.3333333333333333,-0.3333333333333333,0
41,0.5,0.6666666666666666,-0.3333333333333333,-2.5
41,0.5,-0.3333333333333333,0.6666666666666666,-0.5
42,0.5,-0.3333333333333333,-0.3333333333333333,0
42,0.5,0.6666666666666666,-0.3333333333333333,-2.5
42,0.5,-0.3333333333333333,0.6666666666666666,4
43,0.5,-0.3333333333333333,-0.3333333333333333,-2.5
43,0.5,0.6666666666666666,-0.3333333333333333,5
43,0.5,-0.3333333333333333,0.6666666666666666,5
44,0.5,-0.3333333333333333,-0.3333333333333333,4.5
44,0.5,0.6666666666666666,-0.3333333333333333,3
44,0.5,-0.3333333333333333,0.6666666666666666,1.5
45,0.5,-0.3333333333333333,-0.3333333333333333,4.5
45,0.5,0.6666666666666666,-0.3333333333333333,5
45,0.5,-0.3333333333333333,0.6666666666666666,5
46,0.5,-0.3333333333333333,-0.3333333333333333,12
46,0.5,0.6666666666666666,-0.3333333333333333,0
46,0.5,-0.3333333333333333,0.6666666666666666,12
47,0.5,-0.3333333333333333,-0.3333333333333333,6.5
47,0.5,0.6666666666666666,-0.3333333333333333,-1
47,0.5,-0.3333333333333333,0.6666666666666666,7.5
48,0.5,-0.3333333333333333,-0.3333333333333333,-6
48,0.5,0.6666666666666666,-0.3333333333333333,2
48,0.5,-0.3333333333333333,0.6666666666666666,-3
49,0.5,-0.3333333333333333,-0.3333333333333333,0
49,0.5,0.6666666666666666,-0.3333333333333333,0
49,0.5,-0.3333333333333333,0.6666666666666666,-2
50,0.5,-0.3333333333333333,-0.3333333333333333,1
50,0.5,0.6666666666666666,-0.3333333333333333,-0.5
50,0.5,-0.3333333333333333,0.6666666666666666,-0.5
51,0.5,-0.3333333333333333,-0.3333333333333333,6
51,0.5,0.6666666666666666,-0.3333333333333333,1
51,0.5,-0.3333333333333333,0.6666666666666666,4.5
52,0.5,-0.3333333333333333,-0.3333333333333333,-1.5
52,0.5,0.6666666666666666,-0.3333333333333333,0.5
52,0.5,-0.3333333333333333,0.6666666666666666,-5
53,0.5,-0.3333333333333333,-0.3333333333333333,5
53,0.5,0.6666666666666666,-0.3333333333333333,-3.5
53,0.5,-0.3333333333333333,0.6666666666666666,4.5
54,0.5,-0.3333333333333333,-0.3333333333333333,4
54,0.5,0.6666666666666666,-0.3333333333333333,2
54,0.5,-0.3333333333333333,0.6666666666666666,-6
55,0.5,-0.3333333333333333,-0.3333333333333333,2.5
55,0.5,0.6666666666666666,-0.3333333333333333,-4.5
55,0.5,-0.3333333333333333,0.6666666666666666,0
56,0.5,-0.3333333333333333,-0.3333333333333333,3
56,0.5,0.6666666666666666,-0.3333333333333333,0
56,0.5,-0.3333333333333333,0.6666666666666666,6.5
57,0.5,-0.3333333333333333,-0.3333333333333333,-1
57,0.5,0.6666666666666666,-0.3333333333333333,-2
57,0.5,-0.3333333333333333,0.6666666666666666,4.5
58,0.5,-0.3333333333333333,-0.3333333333333333,-12
58,0.5,0.6666666666666666,-0.3333333333333333,-6
58,0.5,-0.3333333333333333,0.6666666666666666,-5
59,0.5,-0.3333333333333333,-0.3333333333333333,-2
59,0.5,0.6666666666666666,-0.3333333333333333,4.5
59,0.5,-0.3333333333333333,0.6666666666666666,-4.5
60,0.5,-0.3333333333333333,-0.3333333333333333,6
60,0.5,0.6666666666666666,-0.3333333333333333,-1
60,0.5,-0.3333333333333333,0.6666666666666666,9
61,0.5,-0.3333333333333333,-0.3333333333333333,12
61,0.5,0.6666666666666666,-0.3333333333333333,0
61,0.5,-0.3333333333333333,0.6666666666666666,6
62,0.5,-0.3333333333333333,-0.3333333333333333,-0.5
62,0.5,0.6666666666666666,-0.3333333333333333,-4
62,0.5,-0.3333333333333333,0.6666666666666666,-3
63,0.5,-0.3333333333333333,-0.3333333333333333,3
63,0.5,0.6666666666666666,-0.3333333333333333,-1
63,0.5,-0.3333333333333333,0.6666666666666666,0
64,0.5,-0.3333333333333333,-0.3333333333333333,-1.5
64,0.5,0.6666666666666666,-0.3333333333333333,-2.5
64,0.5,-0.3333333333333333,0.6666666666666666,0
65,0.5,-0.3333333333333333,-0.3333333333333333,12
65,0.5,0.6666666666666666,-0.3333333333333333,0
65,0.5,-0.3333333333333333,0.6666666666666666,11.5
66,0.5,-0.3333333333333333,-0.3333333333333333,0.5
66,0.5,0.6666666666666666,-0.3333333333333333,3.5
66,0.5,-0.3333333333333333,0.6666666666666666,3
67,0.5,-0.3333333333333333,-0.3333333333333333,9
67,0.5,0.6666666666666666,-0.3333333333333333,5
67,0.5,-0.3333333333333333,0.6666666666666666,11.5
68,0.5,-0.3333333333333333,-0.3333333333333333,9
68,0.5,0.6666666666666666,-0.3333333333333333,0
68,0.5,-0.3333333333333333,0.6666666666666666,12
69,0.5,-0.3333333333333333,-0.3333333333333333,12
69,0.5,0.6666666666666666,-0.3333333333333333,6
69,0.5,-0.3333333333333333,0.6666666666666666,12
70,0.5,-0.3333333333333333,-0.3333333333333333,3.5
70,0.5,0.6666666666666666,-0.3333333333333333,0
70,0.5,-0.3333333333333333,0.6666666666666666,6
71,0.5,-0.3333333333333333,-0.3333333333333333,3
71,0.5,0.6666666666666666,-0.3333333333333333,-1.5
71,0.5,-0.3333333333333333,0.6666666666666666,4.5
72,0.5,-0.3333333333333333,-0.3333333333333333,6
72,0.5,0.6666666666666666,-0.3333333333333333,-3
72,0.5,-0.3333333333333333,0.6666666666666666,8.5
73,0.5,-0.3333333333333333,-0.3333333333333333,12
73,0.5,0.6666666666666666,-0.3333333333333333,0
73,0.5,-0.3333333333333333,0.6666666666666666,12
74,0.5,-0.3333333333333333,-0.3333333333333333,5.5
74,0.5,0.6666666666666666,-0.3333333333333333,4.5
74,0.5,-0.3333333333333333,0.6666666666666666,3.5
75,0.5,-0.3333333333333333,-0.3333333333333333,4.5
75,0.5,0.6666666666666666,-0.3333333333333333,3
75,0.5,-0.3333333333333333,0.6666666666666666,5
76,0.5,-0.3333333333333333,-0.3333333333333333,8.5
76,0.5,0.6666666666666666,-0.3333333333333333,1.5
76,0.5,-0.3333333333333333,0.6666666666666666,9.5
77,0.5,-0.3333333333333333,-0.3333333333333333,9
77,0.5,0.6666666666666666,-0.3333333333333333,3
77,0.5,-0.3333333333333333,0.6666666666666666,12
78,0.5,-0.3333333333333333,-0.3333333333333333,12
78,0.5,0.6666666666666666,-0.3333333333333333,12
78,0.5,-0.3333333333333333,0.6666666666666666,12
79,0.5,-0.3333333333333333,-0.3333333333333333,6
79,0.5,0.6666666666666666,-0.3333333333333333,8.5
79,0.5,-0.3333333333333333,0.6666666666666666,4
80,0.5,-0.3333333333333333,-0.3333333333333333,-5
80,0.5,0.6666666666666666,-0.3333333333333333,-1.5
80,0.5,-0.3333333333333333,0.6666666666666666,-4
81,0.5,-0.3333333333333333,-0.3333333333333333,12
81,0.5,0.6666666666666666,-0.3333333333333333,0
81,0.5,-0.3333333333333333,0.6666666666666666,12
82,0.5,-0.3333333333333333,-0.3333333333333333,4
82,0.5,0.6666666666666666,-0.3333333333333333,4
82,0.5,-0.3333333333333333,0.6666666666666666,5
83,0.5,-0.3333333333333333,-0.3333333333333333,1.5
83,0.5,0.6666666666666666,-0.3333333333333333,2.5
83,0.5,-0.3333333333333333,0.6666666666666666,0.5
84,0.5,-0.3333333333333333,-0.3333333333333333,-8
84,0.5,0.6666666666666666,-0.3333333333333333,-2.5
84,0.5,-0.3333333333333333,0.6666666666666666,3
85,0.5,-0.3333333333333333,-0.3333333333333333,-6.5
85,0.5,0.6666666666666666,-0.3333333333333333,-3
85,0.5,-0.3333333333333333,0.6666666666666666,-8.5
86,0.5,-0.3333333333333333,-0.3333333333333333,9
86,0.5,0.6666666666666666,-0.3333333333333333,0
86,0.5,-0.3333333333333333,0.6666666666666666,0
87,0.5,-0.3333333333333333,-0.3333333333333333,1.5
87,0.5,0.6666666666666666,-0.3333333333333333,0.5
87,0.5,-0.3333333333333333,0.6666666666666666,1.5
88,0.5,-0.3333333333333333,-0.3333333333333333,1
88,0.5,0.6666666666666666,-0.3333333333333333,-2.5
88,0.5,-0.3333333333333333,0.6666666666666666,1.5
89,0.5,-0.3333333333333333,-0.3333333333333333,-4
89,0.5,0.6666666666666666,-0.3333333333333333,2.5
89,0.5,-0.3333333333333333,0.6666666666666666,-6
90,0.5,-0.3333333333333333,-0.3333333333333333,0
90,0.5,0.6666666666666666,-0.3333333333333333,-1.5
90,0.5,-0.3333333333333333,0.6666666666666666,2
91,0.5,-0.3333333333333333,-0.3333333333333333,-9.5
91,0.5,0.6666666666666666,-0.3333333333333333,0
91,0.5,-0.3333333333333333,0.6666666666666666,-5.5
92,0.5,-0.3333333333333333,-0.3333333333333333,7
92,0.5,0.6666666666666666,-0.3333333333333333,3.5
92,0.5,-0.3333333333333333,0.6666666666666666,3.5
93,0.5,-0.3333333333333333,-0.3333333333333333,1.5
93,0.5,0.6666666666666666,-0.3333333333333333,-3
93,0.5,-0.3333333333333333,0.6666666666666666,0
94,0.5,-0.3333333333333333,-0.3333333333333333,12
94,0.5,0.6666666666666666,-0.3333333333333333,-1.5
94,0.5,-0.3333333333333333,0.6666666666666666,12
95,0.5,-0.3333333333333333,-0.3333333333333333,1.5
95,0.5,0.6666666666666666,-0.3333333333333333,2
95,0.5,-0.3333333333333333,0.6666666666666666,0.5
96,-0.5,-0.3333333333333333,-0.3333333333333333,6
96,-0.5,0.6666666666666666,-0.3333333333333333,0
96,-0.5,-0.3333333333333333,0.6666666666666666,6
97,-0.5,-0.3333333333333333,-0.3333333333333333,0
97,-0.5,0.6666666666666666,-0.3333333333333333,0
97,-0.5,-0.3333333333333333,0.6666666666666666,0
98,-0.5,-0.3333333333333333,-0.3333333333333333,12
98,-0.5,0.6666666666666666,-0.3333333333333333,6
98,-0.5,-0.3333333333333333,0.6666666666666666,12
99,-0.5,-0.3333333333333333,-0.3333333333333333,12
99,-0.5,0.6666666666666666,-0.3333333333333333,7
99,-0.5,-0.3333333333333333,0.6666666666666666,11.5
100,-0.5,-0.3333333333333333,-0.3333333333333333,3.5
100,-0.5,0.6666666666666666,-0.3333333333333333,0
100,-0.5,-0.3333333333333333,0.6666666666666666,3
101,-0.5,-0.3333333333333333,-0.3333333333333333,0.5
101,-0.5,0.6666666666666666,-0.3333333333333333,0
101,-0.5,-0.3333333333333333,0.6666666666666666,-1.5
102,-0.5,-0.3333333333333333,-0.3333333333333333,-3.5
102,-0.5,0.6666666666666666,-0.3333333333333333,0.5
102,-0.5,-0.3333333333333333,0.6666666666666666,-6
103,-0.5,-0.3333333333333333,-0.3333333333333333,3
103,-0.5,0.6666666666666666,-0.3333333333333333,0
103,-0.5,-0.3333333333333333,0.6666666666666666,3
104,-0.5,-0.3333333333333333,-0.3333333333333333,10
104,-0.5,0.6666666666666666,-0.3333333333333333,-3.5
104,-0.5,-0.3333333333333333,0.6666666666666666,5.5
105,-0.5,-0.3333333333333333,-0.3333333333333333,9.5
105,-0.5,0.6666666666666666,-0.3333333333333333,1
105,-0.5,-0.3333333333333333,0.6666666666666666,6
106,-0.5,-0.3333333333333333,-0.3333333333333333,2.5
106,-0.5,0.6666666666666666,-0.3333333333333333,-2.5
106,-0.5,-0.3333333333333333,0.6666666666666666,2.5
107,-0.5,-0.3333333333333333,-0.3333333333333333,0.5
107,-0.5,0.6666666666666666,-0.3333333333333333,0.5
107,-0.5,-0.3333333333333333,0.6666666666666666,1
108,-0.5,-0.3333333333333333,-0.3333333333333333,5.5
108,-0.5,0.6666666666666666,-0.3333333333333333,2
108,-0.5,-0.3333333333333333,0.6666666666666666,7.5
109,-0.5,-0.3333333333333333,-0.3333333333333333,4.5
109,-0.5,0.6666666666666666,-0.3333333333333333,2.5
109,-0.5,-0.3333333333333333,0.6666666666666666,6
110,-0.5,-0.3333333333333333,-0.3333333333333333,-0.5
110,-0.5,0.6666666666666666,-0.3333333333333333,-3
110,-0.5,-0.3333333333333333,0.6666666666666666,2
111,-0.5,-0.3333333333333333,-0.3333333333333333,8.5
111,-0.5,0.6666666666666666,-0.3333333333333333,-2.5
111,-0.5,-0.3333333333333333,0.6666666666666666,8
112,-0.5,-0.3333333333333333,-0.3333333333333333,3
112,-0.5,0.6666666666666666,-0.3333333333333333,4.5
112,-0.5,-0.3333333333333333,0.6666666666666666,1
113,-0.5,-0.3333333333333333,-0.3333333333333333,6
113,-0.5,0.6666666666666666,-0.3333333333333333,-6
113,-0.5,-0.3333333333333333,0.6666666666666666,8
114,-0.5,-0.3333333333333333,-0.3333333333333333,4.5
114,-0.5,0.6666666666666666,-0.3333333333333333,2.5
114,-0.5,-0.3333333333333333,0.6666666666666666,2.5
115,-0.5,-0.3333333333333333,-0.3333333333333333,1.5
115,-0.5,0.6666666666666666,-0.3333333333333333,3
115,-0.5,-0.3333333333333333,0.6666666666666666,2
116,-0.5,-0.3333333333333333,-0.3333333333333333,3
116,-0.5,0.6666666666666666,-0.3333333333333333,-1.5
116,-0.5,-0.3333333333333333,0.6666666666666666,1.5
117,-0.5,-0.3333333333333333,-0.3333333333333333,4.5
117,-0.5,0.6666666666666666,-0.3333333333333333,0
117,-0.5,-0.3333333333333333,0.6666666666666666,3
118,-0.5,-0.3333333333333333,-0.3333333333333333,5.5
118,-0.5,0.6666666666666666,-0.3333333333333333,1.5
118,-0.5,-0.3333333333333333,0.6666666666666666,0
119,-0.5,-0.3333333333333333,-0.3333333333333333,12
119,-0.5,0.6666666666666666,-0.3333333333333333,-1
119,-0.5,-0.3333333333333333,0.6666666666666666,10
120,-0.5,-0.3333333333333333,-0.3333333333333333,7.5
120,-0.5,0.6666666666666666,-0.3333333333333333,4
120,-0.5,-0.3333333333333333,0.6666666666666666,5.5
121,-0.5,-0.3333333333333333,-0.3333333333333333,3.5
121,-0.5,0.6666666666666666,-0.3333333333333333,0
121,-0.5,-0.3333333333333333,0.6666666666666666,5.5
122,-0.5,-0.3333333333333333,-0.3333333333333333,3
122,-0.5,0.6666666666666666,-0.3333333333333333,0
122,-0.5,-0.3333333333333333,0.6666666666666666,6
123,-0.5,-0.3333333333333333,-0.3333333333333333,10
123,-0.5,0.6666666666666666,-0.3333333333333333,0
123,-0.5,-0.3333333333333333,0.6666666666666666,11
124,-0.5,-0.3333333333333333,-0.3333333333333333,0.5
124,-0.5,0.6666666666666666,-0.3333333333333333,0
124,-0.5,-0.3333333333333333,0.6666666666666666,1.5
125,-0.5,-0.3333333333333333,-0.3333333333333333,0.5
125,-0.5,0.6666666666666666,-0.3333333333333333,0
125,-0.5,-0.3333333333333333,0.6666666666666666,-1
126,-0.5,-0.3333333333333333,-0.3333333333333333,3.5
126,-0.5,0.6666666666666666,-0.3333333333333333,0.5
126,-0.5,-0.3333333333333333,0.6666666666666666,2.5
127,-0.5,-0.3333333333333333,-0.3333333333333333,12
127,-0.5,0.6666666666666666,-0.3333333333333333,0
127,-0.5,-0.3333333333333333,0.6666666666666666,12
128,-0.5,-0.3333333333333333,-0.3333333333333333,6
128,-0.5,0.6666666666666666,-0.3333333333333333,3
128,-0.5,-0.3333333333333333,0.6666666666666666,12
129,-0.5,-0.3333333333333333,-0.3333333333333333,6
129,-0.5,0.6666666666666666,-0.3333333333333333,0
129,-0.5,-0.3333333333333333,0.6666666666666666,0
130,-0.5,-0.3333333333333333,-0.3333333333333333,-1.5
130,-0.5,0.6666666666666666,-0.3333333333333333,4.5
130,-0.5,-0.3333333333333333,0.6666666666666666,-1
131,-0.5,-0.3333333333333333,-0.3333333333333333,3
131,-0.5,0.6666666666666666,-0.3333333333333333,0.5
131,-0.5,-0.3333333333333333,0.6666666666666666,0
132,-0.5,-0.3333333333333333,-0.3333333333333333,4
132,-0.5,0.6666666666666666,-0.3333333333333333,2.5
132,-0.5,-0.3333333333333333,0.6666666666666666,4.5
133,-0.5,-0.3333333333333333,-0.3333333333333333,1
133,-0.5,0.6666666666666666,-0.3333333333333333,-2
133,-0.5,-0.3333333333333333,0.6666666666666666,2
134,-0.5,-0.3333333333333333,-0.3333333333333333,12
134,-0.5,0.6666666666666666,-0.3333333333333333,0
134,-0.5,-0.3333333333333333,0.6666666666666666,12
135,-0.5,-0.3333333333333333,-0.3333333333333333,5.5
135,-0.5,0.6666666666666666,-0.3333333333333333,0
135,-0.5,-0.3333333333333333,0.6666666666666666,2
136,-0.5,-0.3333333333333333,-0.3333333333333333,1.5
136,-0.5,0.6666666666666666,-0.3333333333333333,0
136,-0.5,-0.3333333333333333,0.6666666666666666,0.5
137,-0.5,-0.3333333333333333,-0.3333333333333333,6
137,-0.5,0.6666666666666666,-0.3333333333333333,2.5
137,-0.5,-0.3333333333333333,0.6666666666666666,6
138,-0.5,-0.3333333333333333,-0.3333333333333333,1
138,-0.5,0.6666666666666666,-0.3333333333333333,2.5
138,-0.5,-0.3333333333333333,0.6666666666666666,-1
139,-0.5,-0.3333333333333333,-0.3333333333333333,-2.5
139,-0.5,0.6666666666666666,-0.3333333333333333,0.5
139,-0.5,-0.3333333333333333,0.6666666666666666,7.5
140,-0.5,-0.3333333333333333,-0.3333333333333333,0
140,-0.5,0.6666666666666666,-0.3333333333333333,3
140,-0.5,-0.3333333333333333,0.6666666666666666,0.5
141,-0.5,-0.3333333333333333,-0.3333333333333333,4
141,-0.5,0.6666666666666666,-0.3333333333333333,0
141,-0.5,-0.3333333333333333,0.6666666666666666,-0.5
142,-0.5,-0.3333333333333333,-0.3333333333333333,6
142,-0.5,0.6666666666666666,-0.3333333333333333,3.5
142,-0.5,-0.3333333333333333,0.6666666666666666,8
143,-0.5,-0.3333333333333333,-0.3333333333333333,6.5
143,-0.5,0.6666666666666666,-0.3333333333333333,0
143,-0.5,-0.3333333333333333,0.6666666666666666,5
144,-0.5,-0.3333333333333333,-0.3333333333333333,6
144,-0.5,0.6666666666666666,-0.3333333333333333,-1.5
144,-0.5,-0.3333333333333333,0.6666666666666666,11.5
145,-0.5,-0.3333333333333333,-0.3333333333333333,5
145,-0.5,0.6666666666666666,-0.3333333333333333,4
145,-0.5,-0.3333333333333333,0.6666666666666666,2
146,-0.5,-0.3333333333333333,-0.3333333333333333,2.5
146,-0.5,0.6666666666666666,-0.3333333333333333,-0.5
146,-0.5,-0.3333333333333333,0.6666666666666666,-0.5
147,-0.5,-0.3333333333333333,-0.3333333333333333,12
147,-0.5,0.6666666666666666,-0.3333333333333333,0
147,-0.5,-0.3333333333333333,0.6666666666666666,12
148,-0.5,-0.3333333333333333,-0.3333333333333333,7.5
148,-0.5,0.6666666666666666,-0.3333333333333333,0
148,-0.5,-0.3333333333333333,0.6666666666666666,9.5
149,-0.5,-0.3333333333333333,-0.3333333333333333,-2
149,-0.5,0.6666666666666666,-0.3333333333333333,-4
149,-0.5,-0.3333333333333333,0.6666666666666666,-1
150,-0.5,-0.3333333333333333,-0.3333333333333333,6
150,-0.5,0.6666666666666666,-0.3333333333333333,6
150,-0.5,-0.3333333333333333,0.6666666666666666,6
151,-0.5,-0.3333333333333333,-0.3333333333333333,12
151,-0.5,0.6666666666666666,-0.3333333333333333,0
151,-0.5,-0.3333333333333333,0.6666666666666666,12
152,-0.5,-0.3333333333333333,-0.3333333333333333,-0.5
152,-0.5,0.6666666666666666,-0.3333333333333333,2.5
152,-0.5,-0.3333333333333333,0.6666666666666666,1
153,-0.5,-0.3333333333333333,-0.3333333333333333,7.5
153,-0.5,0.6666666666666666,-0.3333333333333333,2.5
153,-0.5,-0.3333333333333333,0.6666666666666666,8
154,-0.5,-0.3333333333333333,-0.3333333333333333,3.5
154,-0.5,0.6666666666666666,-0.3333333333333333,1
154,-0.5,-0.3333333333333333,0.6666666666666666,1
155,-0.5,-0.3333333333333333,-0.3333333333333333,3
155,-0.5,0.6666666666666666,-0.3333333333333333,1
155,-0.5,-0.3333333333333333,0.6666666666666666,4.5
156,-0.5,-0.3333333333333333,-0.3333333333333333,1.5
156,-0.5,0.6666666666666666,-0.3333333333333333,1.5
156,-0.5,-0.3333333333333333,0.6666666666666666,1.5
157,-0.5,-0.3333333333333333,-0.3333333333333333,-3
157,-0.5,0.6666666666666666,-0.3333333333333333,2.5
157,-0.5,-0.3333333333333333,0.6666666666666666,6.5
158,-0.5,-0.3333333333333333,-0.3333333333333333,4
158,-0.5,0.6666666666666666,-0.3333333333333333,2
158,-0.5,-0.3333333333333333,0.6666666666666666,4.5
159,-0.5,-0.3333333333333333,-0.3333333333333333,-8.5
159,-0.5,0.6666666666666666,-0.3333333333333333,5
159,-0.5,-0.3333333333333333,0.6666666666666666,4
160,-0.5,-0.3333333333333333,-0.3333333333333333,12
160,-0.5,0.6666666666666666,-0.3333333333333333,0
160,-0.5,-0.3333333333333333,0.6666666666666666,12
161,-0.5,-0.3333333333333333,-0.3333333333333333,0
161,-0.5,0.6666666666666666,-0.3333333333333333,4.5
161,-0.5,-0.3333333333333333,0.6666666666666666,-2
162,-0.5,-0.3333333333333333,-0.3333333333333333,-1
162,-0.5,0.6666666666666666,-0.3333333333333333,0
162,-0.5,-0.3333333333333333,0.6666666666666666,-7
163,-0.5,-0.3333333333333333,-0.3333333333333333,6
163,-0.5,0.6666666666666666,-0.3333333333333333,0
163,-0.5,-0.3333333333333333,0.6666666666666666,0
164,-0.5,-0.3333333333333333,-0.3333333333333333,0
164,-0.5,0.6666666666666666,-0.3333333333333333,1.5
164,-0.5,-0.3333333333333333,0.6666666666666666,1
165,-0.5,-0.3333333333333333,-0.3333333333333333,-2
165,-0.5,0.6666666666666666,-0.3333333333333333,0
165,-0.5,-0.3333333333333333,0.6666666666666666,3
166,-0.5,-0.3333333333333333,-0.3333333333333333,7.5
166,-0.5,0.6666666666666666,-0.3333333333333333,2.5
166,-0.5,-0.3333333333333333,0.6666666666666666,3.5
167,-0.5,-0.3333333333333333,-0.3333333333333333,-9
167,-0.5,0.6666666666666666,-0.3333333333333333,-3.5
167,-0.5,-0.3333333333333333,0.6666666666666666,-1.5
168,-0.5,-0.3333333333333333,-0.3333333333333333,-8
168,-0.5,0.6666666666666666,-0.3333333333333333,9
168,-0.5,-0.3333333333333333,0.6666666666666666,-6
169,-0.5,-0.3333333333333333,-0.3333333333333333,8
169,-0.5,0.6666666666666666,-0.3333333333333333,0
169,-0.5,-0.3333333333333333,0.6666666666666666,7.5
170,-0.5,-0.3333333333333333,-0.3333333333333333,8.5
170,-0.5,0.6666666666666666,-0.3333333333333333,-1.5
170,-0.5,-0.3333333333333333,0.6666666666666666,1
171,-0.5,-0.3333333333333333,-0.3333333333333333,0
171,-0.5,0.6666666666666666,-0.3333333333333333,0
171,-0.5,-0.3333333333333333,0.6666666666666666,0
172,-0.5,-0.3333333333333333,-0.3333333333333333,1
172,-0.5,0.6666666666666666,-0.3333333333333333,2
172,-0.5,-0.3333333333333333,0.6666666666666666,0.5
173,-0.5,-0.3333333333333333,-0.3333333333333333,0
173,-0.5,0.6666666666666666,-0.3333333333333333,0
173,-0.5,-0.3333333333333333,0.6666666666666666,0
174,-0.5,-0.3333333333333333,-0.3333333333333333,6
174,-0.5,0.6666666666666666,-0.3333333333333333,3
174,-0.5,-0.3333333333333333,0.6666666666666666,0
175,-0.5,-0.3333333333333333,-0.3333333333333333,0
175,-0.5,0.6666666666666666,-0.3333333333333333,0
175,-0.5,-0.3333333333333333,0.6666666666666666,4
176,-0.5,-0.3333333333333333,-0.3333333333333333,0.5
176,-0.5,0.6666666666666666,-0.3333333333333333,0.5
176,-0.5,-0.3333333333333333,0.6666666666666666,-1
177,-0.5,-0.3333333333333333,-0.3333333333333333,2
177,-0.5,0.6666666666666666,-0.3333333333333333,5
177,-0.5,-0.3333333333333333,0.6666666666666666,1.5
178,-0.5,-0.3333333333333333,-0.3333333333333333,3
178,-0.5,0.6666666666666666,-0.3333333333333333,3
178,-0.5,-0.3333333333333333,0.6666666666666666,5
179,-0.5,-0.3333333333333333,-0.3333333333333333,9
179,-0.5,0.6666666666666666,-0.3333333333333333,0
179,-0.5,-0.3333333333333333,0.6666666666666666,0
180,-0.5,-0.3333333333333333,-0.3333333333333333,12
180,-0.5,0.6666666666666666,-0.3333333333333333,6
180,-0.5,-0.3333333333333333,0.6666666666666666,12
181,-0.5,-0.3333333333333333,-0.3333333333333333,0
181,-0.5,0.6666666666666666,-0.3333333333333333,-4.5
181,-0.5,-0.3333333333333333,0.6666666666666666,1.5
182,-0.5,-0.3333333333333333,-0.3333333333333333,-1
182,-0.5,0.6666666666666666,-0.3333333333333333,3.5
182,-0.5,-0.3333333333333333,0.6666666666666666,-3.5
183,-0.5,-0.3333333333333333,-0.3333333333333333,2.5
183,-0.5,0.6666666666666666,-0.3333333333333333,3
183,-0.5,-0.3333333333333333,0.6666666666666666,1
184,-0.5,-0.3333333333333333,-0.3333333333333333,3
184,-0.5,0.6666666666666666,-0.3333333333333333,1.5
184,-0.5,-0.3333333333333333,0.6666666666666666,-7
185,-0.5,-0.3333333333333333,-0.3333333333333333,12
185,-0.5,0.6666666666666666,-0.3333333333333333,3
185,-0.5,-0.3333333333333333,0.6666666666666666,-3.5
186,-0.5,-0.3333333333333333,-0.3333333333333333,0
186,-0.5,0.6666666666666666,-0.3333333333333333,0
186,-0.5,-0.3333333333333333,0.6666666666666666,0
187,-0.5,-0.3333333333333333,-0.3333333333333333,0.5
187,-0.5,0.6666666666666666,-0.3333333333333333,-1
187,-0.5,-0.3333333333333333,0.6666666666666666,-0.5
188,-0.5,-0.3333333333333333,-0.3333333333333333,-1
188,-0.5,0.6666666666666666,-0.3333333333333333,3.5
188,-0.5,-0.3333333333333333,0.6666666666666666,8
189,-0.5,-0.3333333333333333,-0.3333333333333333,1.5
189,-0.5,0.6666666666666666,-0.3333333333333333,1.5
189,-0.5,-0.3333333333333333,0.6666666666666666,-1.5
190,-0.5,-0.3333333333333333,-0.3333333333333333,3.5
190,-0.5,0.6666666666666666,-0.3333333333333333,3
190,-0.5,-0.3333333333333333,0.6666666666666666,1
191,-0.5,-0.3333333333333333,-0.3333333333333333,9
191,-0.5,0.6666666666666666,-0.3333333333333333,0
191,-0.5,-0.3333333333333333,0.6666666666666666,6
192,-0.5,-0.3333333333333333,-0.3333333333333333,0
192,-0.5,0.6666666666666666,-0.3333333333333333,4.5
192,-0.5,-0.3333333333333333,0.6666666666666666,6
193,-0.5,-0.3333333333333333,-0.3333333333333333,1
193,-0.5,0.6666666666666666,-0.3333333333333333,-1
193,-0.5,-0.3333333333333333,0.6666666666666666,0.5
194,-0.5,-0.3333333333333333,-0.3333333333333333,-6.5
194,-0.5,0.6666666666666666,-0.3333333333333333,-0.5
194,-0.5,-0.3333333333333333,0.6666666666666666,-5
195,-0.5,-0.3333333333333333,-0.3333333333333333,0
195,-0.5,0.6666666666666666,-0.3333333333333333,3
195,-0.5,-0.3333333333333333,0.6666666666666666,1.5
196,-0.5,-0.3333333333333333,-0.3333333333333333,7
196,-0.5,0.6666666666666666,-0.3333333333333333,0
196,-0.5,-0.3333333333333333,0.6666666666666666,7.5
197,-0.5,-0.3333333333333333,-0.3333333333333333,3.5
197,-0.5,0.6666666666666666,-0.3333333333333333,-2
197,-0.5,-0.3333333333333333,0.6666666666666666,2
198,-0.5,-0.3333333333333333,-0.3333333333333333,-2.5
198,-0.5,0.6666666666666666,-0.3333333333333333,-3
198,-0.5,-0.3333333333333333,0.6666666666666666,2
199,-0.5,-0.3333333333333333,-0.3333333333333333,12
199,-0.5,0.6666666666666666,-0.3333333333333333,0
199,-0.5,-0.3333333333333333,0.6666666666666666,12
200,-0.5,-0.3333333333333333,-0.3333333333333333,12
200,-0.5,0.6666666666666666,-0.3333333333333333,3
200,-0.5,-0.3333333333333333,0.6666666666666666,12
201,-0.5,-0.3333333333333333,-0.3333333333333333,1
201,-0.5,0.6666666666666666,-0.3333333333333333,3.5
201,-0.5,-0.3333333333333333,0.6666666666666666,-1.5
202,-0.5,-0.3333333333333333,-0.3333333333333333,2.5
202,-0.5,0.6666666666666666,-0.3333333333333333,5
202,-0.5,-0.3333333333333333,0.6666666666666666,7.5
203,-0.5,-0.3333333333333333,-0.3333333333333333,2
203,-0.5,0.6666666666666666,-0.3333333333333333,5
203,-0.5,-0.3333333333333333,0.6666666666666666,3.5
204,-0.5,-0.3333333333333333,-0.3333333333333333,7
204,-0.5,0.6666666666666666,-0.3333333333333333,3
204,-0.5,-0.3333333333333333,0.6666666666666666,8
205,-0.5,-0.3333333333333333,-0.3333333333333333,4
205,-0.5,0.6666666666666666,-0.3333333333333333,-0.5
205,-0.5,-0.3333333333333333,0.6666666666666666,-5
206,-0.5,-0.3333333333333333,-0.3333333333333333,8.5
206,-0.5,0.6666666666666666,-0.3333333333333333,6.5
206,-0.5,-0.3333333333333333,0.6666666666666666,6.5
207,-0.5,-0.3333333333333333,-0.3333333333333333,12
207,-0.5,0.6666666666666666,-0.3333333333333333,0
207,-0.5,-0.3333333333333333,0.6666666666666666,12
208,-0.5,-0.3333333333333333,-0.3333333333333333,7.5
208,-0.5,0.6666666666666666,-0.3333333333333333,7
208,-0.5,-0.3333333333333333,0.6666666666666666,5
209,-0.5,-0.3333333333333333,-0.3333333333333333,-1.5
209,-0.5,0.6666666666666666,-0.3333333333333333,-2
209,-0.5,-0.3333333333333333,0.6666666666666666,2
210,-0.5,-0.3333333333333333,-0.3333333333333333,9
210,-0.5,0.6666666666666666,-0.3333333333333333,0
210,-0.5,-0.3333333333333333,0.6666666666666666,2.5
211,-0.5,-0.3333333333333333,-0.3333333333333333,7
211,-0.5,0.6666666666666666,-0.3333333333333333,0
211,-0.5,-0.3333333333333333,0.6666666666666666,3
212,-0.5,-0.3333333333333333,-0.3333333333333333,7.5
212,-0.5,0.6666666666666666,-0.3333333333333333,7
212,-0.5,-0.3333333333333333,0.6666666666666666,8.5
213,-0.5,-0.3333333333333333,-0.3333333333333333,0
213,-0.5,0.6666666666666666,-0.3333333333333333,3.5
213,-0.5,-0.3333333333333333,0.6666666666666666,-8.5
214,-0.5,-0.3333333333333333,-0.3333333333333333,-9.5
214,-0.5,0.6666666666666666,-0.3333333333333333,1.5
214,-0.5,-0.3333333333333333,0.6666666666666666,-10
215,-0.5,-0.3333333333333333,-0.3333333333333333,0
215,-0.5,0.6666666666666666,-0.3333333333333333,1.5
215,-0.5,-0.3333333333333333,0.6666666666666666,0
216,-0.5,-0.3333333333333333,-0.3333333333333333,4.5
216,-0.5,0.6666666666666666,-0.3333333333333333,6
216,-0.5,-0.3333333333333333,0.6666666666666666,6
217,-0.5,-0.3333333333333333,-0.3333333333333333,4.5
217,-0.5,0.6666666666666666,-0.3333333333333333,0
217,-0.5,-0.3333333333333333,0.6666666666666666,3
218,-0.5,-0.3333333333333333,-0.3333333333333333,5.5
218,-0.5,0.6666666666666666,-0.3333333333333333,2
218,-0.5,-0.3333333333333333,0.6666666666666666,4
219,-0.5,-0.3333333333333333,-0.3333333333333333,1.5
219,-0.5,0.6666666666666666,-0.3333333333333333,0.5
219,-0.5,-0.3333333333333333,0.6666666666666666,0.5
220,-0.5,-0.3333333333333333,-0.3333333333333333,1.5
220,-0.5,0.6666666666666666,-0.3333333333333333,1.5
220,-0.5,-0.3333333333333333,0.6666666666666666,-2
221,-0.5,-0.3333333333333333,-0.3333333333333333,-1.5
221,-0.5,0.6666666666666666,-0.3333333333333333,-1
221,-0.5,-0.3333333333333333,0.6666666666666666,-7
222,-0.5,-0.3333333333333333,-0.3333333333333333,-3
222,-0.5,0.6666666666666666,-0.3333333333333333,-2
222,-0.5,-0.3333333333333333,0.6666666666666666,-1
223,-0.5,-0.3333333333333333,-0.3333333333333333,12
223,-0.5,0.6666666666666666,-0.3333333333333333,0
223,-0.5,-0.3333333333333333,0.6666666666666666,12
224,-0.5,-0.3333333333333333,-0.3333333333333333,8.5
224,-0.5,0.6666666666666666,-0.3333333333333333,7
224,-0.5,-0.3333333333333333,0.6666666666666666,8.5
225,-0.5,-0.3333333333333333,-0.3333333333333333,0
225,-0.5,0.6666666666666666,-0.3333333333333333,0
225,-0.5,-0.3333333333333333,0.6666666666666666,0
226,-0.5,-0.3333333333333333,-0.3333333333333333,5.5
226,-0.5,0.6666666666666666,-0.3333333333333333,3.5
226,-0.5,-0.3333333333333333,0.6666666666666666,-2.5
227,-0.5,-0.3333333333333333,-0.3333333333333333,11.5
227,-0.5,0.6666666666666666,-0.3333333333333333,0.5
227,-0.5,-0.3333333333333333,0.6666666666666666,11.5
228,-0.5,-0.3333333333333333,-0.3333333333333333,5
228,-0.5,0.6666666666666666,-0.3333333333333333,1
228,-0.5,-0.3333333333333333,0.6666666666666666,6.5
229,-0.5,-0.3333333333333333,-0.3333333333333333,0.5
229,-0.5,0.6666666666666666,-0.3333333333333333,0.5
229,-0.5,-0.3333333333333333,0.6666666666666666,-4
230,-0.5,-0.3333333333333333,-0.3333333333333333,10
230,-0.5,0.6666666666666666,-0.3333333333333333,0
230,-0.5,-0.3333333333333333,0.6666666666666666,12
231,-0.5,-0.3333333333333333,-0.3333333333333333,0
231,-0.5,0.6666666666666666,-0.3333333333333333,-1
231,-0.5,-0.3333333333333333,0.6666666666666666,3.5
232,-0.5,-0.3333333333333333,-0.3333333333333333,6.5
232,-0.5,0.6666666666666666,-0.3333333333333333,-7.5
232,-0.5,-0.3333333333333333,0.6666666666666666,3
233,-0.5,-0.3333333333333333,-0.3333333333333333,5
233,-0.5,0.6666666666666666,-0.3333333333333333,-0.5
233,-0.5,-0.3333333333333333,0.6666666666666666,5.5
234,-0.5,-0.3333333333333333,-0.3333333333333333,4.5
234,-0.5,0.6666666666666666,-0.3333333333333333,0
234,-0.5,-0.3333333333333333,0.6666666666666666,9.5
235,-0.5,-0.3333333333333333,-0.3333333333333333,-1.5
235,-0.5,0.6666666666666666,-0.3333333333333333,-3
235,-0.5,-0.3333333333333333,0.6666666666666666,1
236,-0.5,-0.3333333333333333,-0.3333333333333333,12
236,-0.5,0.6666666666666666,-0.3333333333333333,3
236,-0.5,-0.3333333333333333,0.6666666666666666,12
237,-0.5,-0.3333333333333333,-0.3333333333333333,5
237,-0.5,0.6666666666666666,-0.3333333333333333,2
237,-0.5,-0.3333333333333333,0.6666666666666666,1
238,-0.5,-0.3333333333333333,-0.3333333333333333,0.5
238,-0.5,0.6666666666666666,-0.3333333333333333,0
238,-0.5,-0.3333333333333333,0.6666666666666666,0
239,-0.5,-0.3333333333333333,-0.3333333333333333,6
239,-0.5,0.6666666666666666,-0.3333333333333333,0
239,-0.5,-0.3333333333333333,0.6666666666666666,12
240,-0.5,-0.3333333333333333,-0.3333333333333333,6.5
240,-0.5,0.6666666666666666,-0.3333333333333333,0.5
240,-0.5,-0.3333333333333333,0.6666666666666666,6
241,-0.5,-0.3333333333333333,-0.3333333333333333,2.5
241,-0.5,0.6666666666666666,-0.3333333333333333,0
241,-0.5,-0.3333333333333333,0.6666666666666666,-6
242,-0.5,-0.3333333333333333,-0.3333333333333333,5
242,-0.5,0.6666666666666666,-0.3333333333333333,-3
242,-0.5,-0.3333333333333333,0.6666666666666666,5
243,-0.5,-0.3333333333333333,-0.3333333333333333,-2.5
243,-0.5,0.6666666666666666,-0.3333333333333333,4.5
243,-0.5,-0.3333333333333333,0.6666666666666666,-1.5
244,-0.5,-0.3333333333333333,-0.3333333333333333,4.5
244,-0.5,0.6666666666666666,-0.3333333333333333,-5.5
244,-0.5,-0.3333333333333333,0.6666666666666666,3.5
245,-0.5,-0.3333333333333333,-0.3333333333333333,6.5
245,-0.5,0.6666666666666666,-0.3333333333333333,0
245,-0.5,-0.3333333333333333,0.6666666666666666,12
246,-0.5,-0.3333333333333333,-0.3333333333333333,3.5
246,-0.5,0.6666666666666666,-0.3333333333333333,4
246,-0.5,-0.3333333333333333,0.6666666666666666,4.5
247,-0.5,-0.3333333333333333,-0.3333333333333333,0.5
247,-0.5,0.6666666666666666,-0.3333333333333333,-1.5
247,-0.5,-0.3333333333333333,0.6666666666666666,0.5
248,-0.5,-0.3333333333333333,-0.3333333333333333,0
248,-0.5,0.6666666666666666,-0.3333333333333333,0.5
248,-0.5,-0.3333333333333333,0.6666666666666666,0
249,0.5,-0.3333333333333333,-0.3333333333333333,9
249,0.5,0.6666666666666666,-0.3333333333333333,9
249,0.5,-0.3333333333333333,0.6666666666666666,10.5
250,0.5,-0.3333333333333333,-0.3333333333333333,11
250,0.5,0.6666666666666666,-0.3333333333333333,3.5
250,0.5,-0.3333333333333333,0.6666666666666666,3
251,0.5,-0.3333333333333333,-0.3333333333333333,12
251,0.5,0.6666666666666666,-0.3333333333333333,0
251,0.5,-0.3333333333333333,0.6666666666666666,12
252,0.5,-0.3333333333333333,-0.3333333333333333,3
252,0.5,0.6666666666666666,-0.3333333333333333,4.5
252,0.5,-0.3333333333333333,0.6666666666666666,7
253,0.5,-0.3333333333333333,-0.3333333333333333,2
253,0.5,0.6666666666666666,-0.3333333333333333,3
253,0.5,-0.3333333333333333,0.6666666666666666,-3.5
254,0.5,-0.3333333333333333,-0.3333333333333333,0.5
254,0.5,0.6666666666666666,-0.3333333333333333,1.5
254,0.5,-0.3333333333333333,0.6666666666666666,0
255,0.5,-0.3333333333333333,-0.3333333333333333,12
255,0.5,0.6666666666666666,-0.3333333333333333,0
255,0.5,-0.3333333333333333,0.6666666666666666,12
256,0.5,-0.3333333333333333,-0.3333333333333333,-1
256,0.5,0.6666666666666666,-0.3333333333333333,-7
256,0.5,-0.3333333333333333,0.6666666666666666,-4.5
257,0.5,-0.3333333333333333,-0.3333333333333333,2
257,0.5,0.6666666666666666,-0.3333333333333333,-2
257,0.5,-0.3333333333333333,0.6666666666666666,0
258,0.5,-0.3333333333333333,-0.3333333333333333,3.5
258,0.5,0.6666666666666666,-0.3333333333333333,-1.5
258,0.5,-0.3333333333333333,0.6666666666666666,4
259,0.5,-0.3333333333333333,-0.3333333333333333,4.5
259,0.5,0.6666666666666666,-0.3333333333333333,5
259,0.5,-0.3333333333333333,0.6666666666666666,3
260,0.5,-0.3333333333333333,-0.3333333333333333,6
260,0.5,0.6666666666666666,-0.3333333333333333,0
260,0.5,-0.3333333333333333,0.6666666666666666,0
261,0.5,-0.3333333333333333,-0.3333333333333333,2
261,0.5,0.6666666666666666,-0.3333333333333333,5.5
261,0.5,-0.3333333333333333,0.6666666666666666,3
262,0.5,-0.3333333333333333,-0.3333333333333333,11.5
262,0.5,0.6666666666666666,-0.3333333333333333,1
262,0.5,-0.3333333333333333,0.6666666666666666,11.5
263,0.5,-0.3333333333333333,-0.3333333333333333,2.5
263,0.5,0.6666666666666666,-0.3333333333333333,-0.5
263,0.5,-0.3333333333333333,0.6666666666666666,2.5
264,0.5,-0.3333333333333333,-0.3333333333333333,3
264,0.5,0.6666666666666666,-0.3333333333333333,2.5
264,0.5,-0.3333333333333333,0.6666666666666666,-2
265,0.5,-0.3333333333333333,-0.3333333333333333,3
265,0.5,0.6666666666666666,-0.3333333333333333,3
265,0.5,-0.3333333333333333,0.6666666666666666,-6
266,0.5,-0.3333333333333333,-0.3333333333333333,1
266,0.5,0.6666666666666666,-0.3333333333333333,0
266,0.5,-0.3333333333333333,0.6666666666666666,0
267,0.5,-0.3333333333333333,-0.3333333333333333,1
267,0.5,0.6666666666666666,-0.3333333333333333,-3
267,0.5,-0.3333333333333333,0.6666666666666666,0
268,0.5,-0.3333333333333333,-0.3333333333333333,0.5
268,0.5,0.6666666666666666,-0.3333333333333333,0
268,0.5,-0.3333333333333333,0.6666666666666666,0
269,0.5,-0.3333333333333333,-0.3333333333333333,3.5
269,0.5,0.6666666666666666,-0.3333333333333333,-0.5
269,0.5,-0.3333333333333333,0.6666666666666666,0
270,0.5,-0.3333333333333333,-0.3333333333333333,2
270,0.5,0.6666666666666666,-0.3333333333333333,4.5
270,0.5,-0.3333333333333333,0.6666666666666666,7.5
271,0.5,-0.3333333333333333,-0.3333333333333333,1.5
271,0.5,0.6666666666666666,-0.3333333333333333,4.5
271,0.5,-0.3333333333333333,0.6666666666666666,4
272,0.5,-0.3333333333333333,-0.3333333333333333,0.5
272,0.5,0.6666666666666666,-0.3333333333333333,0.5
272,0.5,-0.3333333333333333,0.6666666666666666,0
273,0.5,-0.3333333333333333,-0.3333333333333333,0
273,0.5,0.6666666666666666,-0.3333333333333333,0
273,0.5,-0.3333333333333333,0.6666666666666666,6
274,0.5,-0.3333333333333333,-0.3333333333333333,8.5
274,0.5,0.6666666666666666,-0.3333333333333333,1
274,0.5,-0.3333333333333333,0.6666666666666666,3.5
275,0.5,-0.3333333333333333,-0.3333333333333333,-2.5
275,0.5,0.6666666666666666,-0.3333333333333333,6
275,0.5,-0.3333333333333333,0.6666666666666666,0
276,0.5,-0.3333333333333333,-0.3333333333333333,3
276,0.5,0.6666666666666666,-0.3333333333333333,-2.5
276,0.5,-0.3333333333333333,0.6666666666666666,6
277,0.5,-0.3333333333333333,-0.3333333333333333,-1.5
277,0.5,0.6666666666666666,-0.3333333333333333,3
277,0.5,-0.3333333333333333,0.6666666666666666,-0.5
278,0.5,-0.3333333333333333,-0.3333333333333333,12
278,0.5,0.6666666666666666,-0.3333333333333333,0
278,0.5,-0.3333333333333333,0.6666666666666666,12
279,0.5,-0.3333333333333333,-0.3333333333333333,-6
279,0.5,0.6666666666666666,-0.3333333333333333,-1
279,0.5,-0.3333333333333333,0.6666666666666666,-6.5
280,0.5,-0.3333333333333333,-0.3333333333333333,2
280,0.5,0.6666666666666666,-0.3333333333333333,-1.5
280,0.5,-0.3333333333333333,0.6666666666666666,2
281,0.5,-0.3333333333333333,-0.3333333333333333,8.5
281,0.5,0.6666666666666666,-0.3333333333333333,0
281,0.5,-0.3333333333333333,0.6666666666666666,8.5
282,0.5,-0.3333333333333333,-0.3333333333333333,-1
282,0.5,0.6666666666666666,-0.3333333333333333,-1
282,0.5,-0.3333333333333333,0.6666666666666666,0
283,0.5,-0.3333333333333333,-0.3333333333333333,-1
283,0.5,0.6666666666666666,-0.3333333333333333,-1.5
283,0.5,-0.3333333333333333,0.6666666666666666,-3
284,0.5,-0.3333333333333333,-0.3333333333333333,2
284,0.5,0.6666666666666666,-0.3333333333333333,0.5
284,0.5,-0.3333333333333333,0.6666666666666666,-7.5
285,0.5,-0.3333333333333333,-0.3333333333333333,12
285,0.5,0.6666666666666666,-0.3333333333333333,0
285,0.5,-0.3333333333333333,0.6666666666666666,10
286,0.5,-0.3333333333333333,-0.3333333333333333,1.5
286,0.5,0.6666666666666666,-0.3333333333333333,2.5
286,0.5,-0.3333333333333333,0.6666666666666666,8.5
287,0.5,-0.3333333333333333,-0.3333333333333333,-7
287,0.5,0.6666666666666666,-0.3333333333333333,-1.5
287,0.5,-0.3333333333333333,0.6666666666666666,6
288,0.5,-0.3333333333333333,-0.3333333333333333,8.5
288,0.5,0.6666666666666666,-0.3333333333333333,-1
288,0.5,-0.3333333333333333,0.6666666666666666,9.5
289,0.5,-0.3333333333333333,-0.3333333333333333,12
289,0.5,0.6666666666666666,-0.3333333333333333,0
289,0.5,-0.3333333333333333,0.6666666666666666,12
290,0.5,-0.3333333333333333,-0.3333333333333333,4
290,0.5,0.6666666666666666,-0.3333333333333333,1.5
290,0.5,-0.3333333333333333,0.6666666666666666,5
291,0.5,-0.3333333333333333,-0.3333333333333333,8
291,0.5,0.6666666666666666,-0.3333333333333333,2
291,0.5,-0.3333333333333333,0.6666666666666666,9
292,0.5,-0.3333333333333333,-0.3333333333333333,-11
292,0.5,0.6666666666666666,-0.3333333333333333,-6
292,0.5,-0.3333333333333333,0.6666666666666666,-12
293,0.5,-0.3333333333333333,-0.3333333333333333,11
293,0.5,0.6666666666666666,-0.3333333333333333,5.5
293,0.5,-0.3333333333333333,0.6666666666666666,9.5
294,0.5,-0.3333333333333333,-0.3333333333333333,0.5
294,0.5,0.6666666666666666,-0.3333333333333333,3
294,0.5,-0.3333333333333333,0.6666666666666666,1.5
295,0.5,-0.3333333333333333,-0.3333333333333333,2
295,0.5,0.6666666666666666,-0.3333333333333333,6.5
295,0.5,-0.3333333333333333,0.6666666666666666,1.5
296,0.5,-0.3333333333333333,-0.3333333333333333,6
296,0.5,0.6666666666666666,-0.3333333333333333,-4
296,0.5,-0.3333333333333333,0.6666666666666666,6
297,0.5,-0.3333333333333333,-0.3333333333333333,-1
297,0.5,0.6666666666666666,-0.3333333333333333,1
297,0.5,-0.3333333333333333,0.6666666666666666,-6
298,0.5,-0.3333333333333333,-0.3333333333333333,12
298,0.5,0.6666666666666666,-0.3333333333333333,0
298,0.5,-0.3333333333333333,0.6666666666666666,12
299,0.5,-0.3333333333333333,-0.3333333333333333,11.5
299,0.5,0.6666666666666666,-0.3333333333333333,-0.5
299,0.5,-0.3333333333333333,0.6666666666666666,12
300,0.5,-0.3333333333333333,-0.3333333333333333,0.5
300,0.5,0.6666666666666666,-0.3333333333333333,3
300,0.5,-0.3333333333333333,0.6666666666666666,-3
301,0.5,-0.3333333333333333,-0.3333333333333333,6
301,0.5,0.6666666666666666,-0.3333333333333333,5
301,0.5,-0.3333333333333333,0.6666666666666666,2
302,0.5,-0.3333333333333333,-0.3333333333333333,9.5
302,0.5,0.6666666666666666,-0.3333333333333333,2.5
302,0.5,-0.3333333333333333,0.6666666666666666,11.5
303,0.5,-0.3333333333333333,-0.3333333333333333,2.5
303,0.5,0.6666666666666666,-0.3333333333333333,4
303,0.5,-0.3333333333333333,0.6666666666666666,6
304,0.5,-0.3333333333333333,-0.3333333333333333,8.5
304,0.5,0.6666666666666666,-0.3333333333333333,11.5
304,0.5,-0.3333333333333333,0.6666666666666666,9.5
305,0.5,-0.3333333333333333,-0.3333333333333333,5
305,0.5,0.6666666666666666,-0.3333333333333333,-2
305,0.5,-0.3333333333333333,0.6666666666666666,3.5
306,0.5,-0.3333333333333333,-0.3333333333333333,8.5
306,0.5,0.6666666666666666,-0.3333333333333333,0
306,0.5,-0.3333333333333333,0.6666666666666666,9
307,0.5,-0.3333333333333333,-0.3333333333333333,12
307,0.5,0.6666666666666666,-0.3333333333333333,12
307,0.5,-0.3333333333333333,0.6666666666666666,12
308,0.5,-0.3333333333333333,-0.3333333333333333,-0.5
308,0.5,0.6666666666666666,-0.3333333333333333,1.5
308,0.5,-0.3333333333333333,0.6666666666666666,-3
309,0.5,-0.3333333333333333,-0.3333333333333333,3.5
309,0.5,0.6666666666666666,-0.3333333333333333,3.5
309,0.5,-0.3333333333333333,0.6666666666666666,5
310,0.5,-0.3333333333333333,-0.3333333333333333,0
310,0.5,0.6666666666666666,-0.3333333333333333,-3
310,0.5,-0.3333333333333333,0.6666666666666666,0
311,0.5,-0.3333333333333333,-0.3333333333333333,6.5
311,0.5,0.6666666666666666,-0.3333333333333333,11
311,0.5,-0.3333333333333333,0.6666666666666666,11
312,0.5,-0.3333333333333333,-0.3333333333333333,8
312,0.5,0.6666666666666666,-0.3333333333333333,1.5
312,0.5,-0.3333333333333333,0.6666666666666666,3
313,0.5,-0.3333333333333333,-0.3333333333333333,-6
313,0.5,0.6666666666666666,-0.3333333333333333,6
313,0.5,-0.3333333333333333,0.6666666666666666,-6
314,0.5,-0.3333333333333333,-0.3333333333333333,0.5
314,0.5,0.6666666666666666,-0.3333333333333333,1
314,0.5,-0.3333333333333333,0.6666666666666666,-2.5
315,0.5,-0.3333333333333333,-0.3333333333333333,3
315,0.5,0.6666666666666666,-0.3333333333333333,3
315,0.5,-0.3333333333333333,0.6666666666666666,6
316,0.5,-0.3333333333333333,-0.3333333333333333,-3
316,0.5,0.6666666666666666,-0.3333333333333333,4
316,0.5,-0.3333333333333333,0.6666666666666666,-4
317,0.5,-0.3333333333333333,-0.3333333333333333,-8
317,0.5,0.6666666666666666,-0.3333333333333333,0
317,0.5,-0.3333333333333333,0.6666666666666666,-5
318,0.5,-0.3333333333333333,-0.3333333333333333,12
318,0.5,0.6666666666666666,-0.3333333333333333,8.5
318,0.5,-0.3333333333333333,0.6666666666666666,9
319,0.5,-0.3333333333333333,-0.3333333333333333,6
319,0.5,0.6666666666666666,-0.3333333333333333,0
319,0.5,-0.3333333333333333,0.6666666666666666,-0.5
320,0.5,-0.3333333333333333,-0.3333333333333333,2.5
320,0.5,0.6666666666666666,-0.3333333333333333,-3.5
320,0.5,-0.3333333333333333,0.6666666666666666,-1.5
321,0.5,-0.3333333333333333,-0.3333333333333333,0
321,0.5,0.6666666666666666,-0.3333333333333333,0
321,0.5,-0.3333333333333333,0.6666666666666666,0
322,0.5,-0.3333333333333333,-0.3333333333333333,5.5
322,0.5,0.6666666666666666,-0.3333333333333333,1
322,0.5,-0.3333333333333333,0.6666666666666666,3.5
323,0.5,-0.3333333333333333,-0.3333333333333333,-3
323,0.5,0.6666666666666666,-0.3333333333333333,-0.5
323,0.5,-0.3333333333333333,0.6666666666666666,-9.5
324,0.5,-0.3333333333333333,-0.3333333333333333,4.5
324,0.5,0.6666666666666666,-0.3333333333333333,-1.5
324,0.5,-0.3333333333333333,0.6666666666666666,4
325,0.5,-0.3333333333333333,-0.3333333333333333,0
325,0.5,0.6666666666666666,-0.3333333333333333,0
325,0.5,-0.3333333333333333,0.6666666666666666,0
326,0.5,-0.3333333333333333,-0.3333333333333333,-2.5
326,0.5,0.6666666666666666,-0.3333333333333333,2.5
326,0.5,-0.3333333333333333,0.6666666666666666,-2
327,0.5,-0.3333333333333333,-0.3333333333333333,0
327,0.5,0.6666666666666666,-0.3333333333333333,3
327,0.5,-0.3333333333333333,0.6666666666666666,0
328,0.5,-0.3333333333333333,-0.3333333333333333,-0.5
328,0.5,0.6666666666666666,-0.3333333333333333,0.5
328,0.5,-0.3333333333333333,0.6666666666666666,0
329,0.5,-0.3333333333333333,-0.3333333333333333,-0.5
329,0.5,0.6666666666666666,-0.3333333333333333,8
329,0.5,-0.3333333333333333,0.6666666666666666,10
330,0.5,-0.3333333333333333,-0.3333333333333333,2.5
330,0.5,0.6666666666666666,-0.3333333333333333,2.5
330,0.5,-0.3333333333333333,0.6666666666666666,3.5
331,0.5,-0.3333333333333333,-0.3333333333333333,10.5
331,0.5,0.6666666666666666,-0.3333333333333333,0
331,0.5,-0.3333333333333333,0.6666666666666666,11
332,0.5,-0.3333333333333333,-0.3333333333333333,3.5
332,0.5,0.6666666666666666,-0.3333333333333333,-8.5
332,0.5,-0.3333333333333333,0.6666666666666666,4.5
333,0.5,-0.3333333333333333,-0.3333333333333333,-1
333,0.5,0.6666666666666666,-0.3333333333333333,-0.5
333,0.5,-0.3333333333333333,0.6666666666666666,1
334,0.5,-0.3333333333333333,-0.3333333333333333,11.5
334,0.5,0.6666666666666666,-0.3333333333333333,4.5
334,0.5,-0.3333333333333333,0.6666666666666666,3.5
335,0.5,-0.3333333333333333,-0.3333333333333333,3.5
335,0.5,0.6666666666666666,-0.3333333333333333,-0.5
335,0.5,-0.3333333333333333,0.6666666666666666,-7
336,0.5,-0.3333333333333333,-0.3333333333333333,2
336,0.5,0.6666666666666666,-0.3333333333333333,1.5
336,0.5,-0.3333333333333333,0.6666666666666666,0.5
337,0.5,-0.3333333333333333,-0.3333333333333333,7.5
337,0.5,0.6666666666666666,-0.3333333333333333,-0.5
337,0.5,-0.3333333333333333,0.6666666666666666,8.5
338,0.5,-0.3333333333333333,-0.3333333333333333,6
338,0.5,0.6666666666666666,-0.3333333333333333,3
338,0.5,-0.3333333333333333,0.6666666666666666,0.5
339,0.5,-0.3333333333333333,-0.3333333333333333,2
339,0.5,0.6666666666666666,-0.3333333333333333,-6.5
339,0.5,-0.3333333333333333,0.6666666666666666,0
340,0.5,-0.3333333333333333,-0.3333333333333333,1
340,0.5,0.6666666666666666,-0.3333333333333333,-1.5
340,0.5,-0.3333333333333333,0.6666666666666666,1
341,0.5,-0.3333333333333333,-0.3333333333333333,-1
341,0.5,0.6666666666666666,-0.3333333333333333,-0.5
341,0.5,-0.3333333333333333,0.6666666666666666,-2
342,0.5,-0.3333333333333333,-0.3333333333333333,3
342,0.5,0.6666666666666666,-0.3333333333333333,0
342,0.5,-0.3333333333333333,0.6666666666666666,0.5
343,0.5,-0.3333333333333333,-0.3333333333333333,6
343,0.5,0.6666666666666666,-0.3333333333333333,8
343,0.5,-0.3333333333333333,0.6666666666666666,1.5
344,0.5,-0.3333333333333333,-0.3333333333333333,8.5
344,0.5,0.6666666666666666,-0.3333333333333333,4
344,0.5,-0.3333333333333333,0.6666666666666666,7
345,0.5,-0.3333333333333333,-0.3333333333333333,-12
345,0.5,0.6666666666666666,-0.3333333333333333,0
345,0.5,-0.3333333333333333,0.6666666666666666,-11
346,0.5,-0.3333333333333333,-0.3333333333333333,0
346,0.5,0.6666666666666666,-0.3333333333333333,4
346,0.5,-0.3333333333333333,0.6666666666666666,0
347,0.5,-0.3333333333333333,-0.3333333333333333,3
347,0.5,0.6666666666666666,-0.3333333333333333,8
347,0.5,-0.3333333333333333,0.6666666666666666,5.5
348,0.5,-0.3333333333333333,-0.3333333333333333,12
348,0.5,0.6666666666666666,-0.3333333333333333,0
348,0.5,-0.3333333333333333,0.6666666666666666,12
349,0.5,-0.3333333333333333,-0.3333333333333333,3
349,0.5,0.6666666666666666,-0.3333333333333333,0
349,0.5,-0.3333333333333333,0.6666666666666666,6
350,0.5,-0.3333333333333333,-0.3333333333333333,-1
350,0.5,0.6666666666666666,-0.3333333333333333,-2.5
350,0.5,-0.3333333333333333,0.6666666666666666,3
351,0.5,-0.3333333333333333,-0.3333333333333333,-2
351,0.5,0.6666666666666666,-0.3333333333333333,0
351,0.5,-0.3333333333333333,0.6666666666666666,2
352,0.5,-0.3333333333333333,-0.3333333333333333,12
352,0.5,0.6666666666666666,-0.3333333333333333,0
352,0.5,-0.3333333333333333,0.6666666666666666,12
353,0.5,-0.3333333333333333,-0.3333333333333333,11
353,0.5,0.6666666666666666,-0.3333333333333333,3
353,0.5,-0.3333333333333333,0.6666666666666666,11
354,-0.5,-0.3333333333333333,-0.3333333333333333,2.5
354,-0.5,0.6666666666666666,-0.3333333333333333,-3
354,-0.5,-0.3333333333333333,0.6666666666666666,1
355,-0.5,-0.3333333333333333,-0.3333333333333333,3.5
355,-0.5,0.6666666666666666,-0.3333333333333333,-0.5
355,-0.5,-0.3333333333333333,0.6666666666666666,3.5
356,-0.5,-0.3333333333333333,-0.3333333333333333,5.5
356,-0.5,0.6666666666666666,-0.3333333333333333,-2
356,-0.5,-0.3333333333333333,0.6666666666666666,9.5
357,-0.5,-0.3333333333333333,-0.3333333333333333,-0.5
357,-0.5,0.6666666666666666,-0.3333333333333333,-1.5
357,-0.5,-0.3333333333333333,0.6666666666666666,-0.5
358,-0.5,-0.3333333333333333,-0.3333333333333333,-1.5
358,-0.5,0.6666666666666666,-0.3333333333333333,-1.5
358,-0.5,-0.3333333333333333,0.6666666666666666,-3
359,-0.5,-0.3333333333333333,-0.3333333333333333,3
359,-0.5,0.6666666666666666,-0.3333333333333333,0
359,-0.5,-0.3333333333333333,0.6666666666666666,-0.5
360,-0.5,-0.3333333333333333,-0.3333333333333333,0
360,-0.5,0.6666666666666666,-0.3333333333333333,-6
360,-0.5,-0.3333333333333333,0.6666666666666666,-1
361,-0.5,-0.3333333333333333,-0.3333333333333333,12
361,-0.5,0.6666666666666666,-0.3333333333333333,0
361,-0.5,-0.3333333333333333,0.6666666666666666,12
362,-0.5,-0.3333333333333333,-0.3333333333333333,5.5
362,-0.5,0.6666666666666666,-0.3333333333333333,6.5
362,-0.5,-0.3333333333333333,0.6666666666666666,3.5
363,-0.5,-0.3333333333333333,-0.3333333333333333,-0.5
363,-0.5,0.6666666666666666,-0.3333333333333333,0.5
363,-0.5,-0.3333333333333333,0.6666666666666666,2
364,-0.5,-0.3333333333333333,-0.3333333333333333,12
364,-0.5,0.6666666666666666,-0.3333333333333333,0
364,-0.5,-0.3333333333333333,0.6666666666666666,12
365,-0.5,-0.3333333333333333,-0.3333333333333333,8.5
365,-0.5,0.6666666666666666,-0.3333333333333333,-3
365,-0.5,-0.3333333333333333,0.6666666666666666,5.5
366,-0.5,-0.3333333333333333,-0.3333333333333333,4.5
366,-0.5,0.6666666666666666,-0.3333333333333333,-3
366,-0.5,-0.3333333333333333,0.6666666666666666,1
367,-0.5,-0.3333333333333333,-0.3333333333333333,12
367,-0.5,0.6666666666666666,-0.3333333333333333,7
367,-0.5,-0.3333333333333333,0.6666666666666666,12
368,-0.5,-0.3333333333333333,-0.3333333333333333,0.5
368,-0.5,0.6666666666666666,-0.3333333333333333,0
368,-0.5,-0.3333333333333333,0.6666666666666666,0
369,-0.5,-0.3333333333333333,-0.3333333333333333,12
369,-0.5,0.6666666666666666,-0.3333333333333333,0
369,-0.5,-0.3333333333333333,0.6666666666666666,12
370,-0.5,-0.3333333333333333,-0.3333333333333333,1
370,-0.5,0.6666666666666666,-0.3333333333333333,3
370,-0.5,-0.3333333333333333,0.6666666666666666,1
371,-0.5,-0.3333333333333333,-0.3333333333333333,-0.5
371,-0.5,0.6666666666666666,-0.3333333333333333,0
371,-0.5,-0.3333333333333333,0.6666666666666666,4.5
372,-0.5,-0.3333333333333333,-0.3333333333333333,2
372,-0.5,0.6666666666666666,-0.3333333333333333,2
372,-0.5,-0.3333333333333333,0.6666666666666666,1
373,-0.5,-0.3333333333333333,-0.3333333333333333,12
373,-0.5,0.6666666666666666,-0.3333333333333333,10.5
373,-0.5,-0.3333333333333333,0.6666666666666666,8.5
374,-0.5,-0.3333333333333333,-0.3333333333333333,0.5
374,-0.5,0.6666666666666666,-0.3333333333333333,3.5
374,-0.5,-0.3333333333333333,0.6666666666666666,-2
375,-0.5,-0.3333333333333333,-0.3333333333333333,-9.5
375,-0.5,0.6666666666666666,-0.3333333333333333,2.5
375,-0.5,-0.3333333333333333,0.6666666666666666,-4
376,-0.5,-0.3333333333333333,-0.3333333333333333,3
376,-0.5,0.6666666666666666,-0.3333333333333333,3.5
376,-0.5,-0.3333333333333333,0.6666666666666666,-2
377,-0.5,-0.3333333333333333,-0.3333333333333333,0
377,-0.5,0.6666666666666666,-0.3333333333333333,1
377,-0.5,-0.3333333333333333,0.6666666666666666,0
378,-0.5,-0.3333333333333333,-0.3333333333333333,12
378,-0.5,0.6666666666666666,-0.3333333333333333,0
378,-0.5,-0.3333333333333333,0.6666666666666666,12
379,-0.5,-0.3333333333333333,-0.3333333333333333,6
379,-0.5,0.6666666666666666,-0.3333333333333333,12
379,-0.5,-0.3333333333333333,0.6666666666666666,7.5
380,-0.5,-0.3333333333333333,-0.3333333333333333,2
380,-0.5,0.6666666666666666,-0.3333333333333333,4
380,-0.5,-0.3333333333333333,0.6666666666666666,3.5
381,-0.5,-0.3333333333333333,-0.3333333333333333,3.5
381,-0.5,0.6666666666666666,-0.3333333333333333,6
381,-0.5,-0.3333333333333333,0.6666666666666666,3.5
382,-0.5,-0.3333333333333333,-0.3333333333333333,5.5
382,-0.5,0.6666666666666666,-0.3333333333333333,7
382,-0.5,-0.3333333333333333,0.6666666666666666,5.5
383,-0.5,-0.3333333333333333,-0.3333333333333333,2.5
383,-0.5,0.6666666666666666,-0.3333333333333333,1.5
383,-0.5,-0.3333333333333333,0.6666666666666666,6
384,-0.5,-0.3333333333333333,-0.3333333333333333,3.5
384,-0.5,0.6666666666666666,-0.3333333333333333,1
384,-0.5,-0.3333333333333333,0.6666666666666666,-0.5
385,-0.5,-0.3333333333333333,-0.3333333333333333,2.5
385,-0.5,0.6666666666666666,-0.3333333333333333,0.5
385,-0.5,-0.3333333333333333,0.6666666666666666,0.5
386,-0.5,-0.3333333333333333,-0.3333333333333333,3.5
386,-0.5,0.6666666666666666,-0.3333333333333333,7
386,-0.5,-0.3333333333333333,0.6666666666666666,12
387,-0.5,-0.3333333333333333,-0.3333333333333333,12
387,-0.5,0.6666666666666666,-0.3333333333333333,0
387,-0.5,-0.3333333333333333,0.6666666666666666,12
388,-0.5,-0.3333333333333333,-0.3333333333333333,-6
388,-0.5,0.6666666666666666,-0.3333333333333333,3.5
388,-0.5,-0.3333333333333333,0.6666666666666666,-3.5
389,-0.5,-0.3333333333333333,-0.3333333333333333,0
389,-0.5,0.6666666666666666,-0.3333333333333333,3
389,-0.5,-0.3333333333333333,0.6666666666666666,5.5
390,-0.5,-0.3333333333333333,-0.3333333333333333,12
390,-0.5,0.6666666666666666,-0.3333333333333333,0
390,-0.5,-0.3333333333333333,0.6666666666666666,12
391,-0.5,-0.3333333333333333,-0.3333333333333333,0
391,-0.5,0.6666666666666666,-0.3333333333333333,0
391,-0.5,-0.3333333333333333,0.6666666666666666,0
392,-0.5,-0.3333333333333333,-0.3333333333333333,1
392,-0.5,0.6666666666666666,-0.3333333333333333,3.5
392,-0.5,-0.3333333333333333,0.6666666666666666,6
393,-0.5,-0.3333333333333333,-0.3333333333333333,8
393,-0.5,0.6666666666666666,-0.3333333333333333,7
393,-0.5,-0.3333333333333333,0.6666666666666666,6.5
394,-0.5,-0.3333333333333333,-0.3333333333333333,0
394,-0.5,0.6666666666666666,-0.3333333333333333,0.5
394,-0.5,-0.3333333333333333,0.6666666666666666,5
395,-0.5,-0.3333333333333333,-0.3333333333333333,4
395,-0.5,0.6666666666666666,-0.3333333333333333,-4.5
395,-0.5,-0.3333333333333333,0.6666666666666666,2.5
396,-0.5,-0.3333333333333333,-0.3333333333333333,-0.5
396,-0.5,0.6666666666666666,-0.3333333333333333,-3
396,-0.5,-0.3333333333333333,0.6666666666666666,-3
397,-0.5,-0.3333333333333333,-0.3333333333333333,1.5
397,-0.5,0.6666666666666666,-0.3333333333333333,0
397,-0.5,-0.3333333333333333,0.6666666666666666,2
398,-0.5,-0.3333333333333333,-0.3333333333333333,-5.5
398,-0.5,0.6666666666666666,-0.3333333333333333,-8.5
398,-0.5,-0.3333333333333333,0.6666666666666666,-9
399,-0.5,-0.3333333333333333,-0.3333333333333333,5
399,-0.5,0.6666666666666666,-0.3333333333333333,0
399,-0.5,-0.3333333333333333,0.6666666666666666,5
400,-0.5,-0.3333333333333333,-0.3333333333333333,-0.5
400,-0.5,0.6666666666666666,-0.3333333333333333,-0.5
400,-0.5,-0.3333333333333333,0.6666666666666666,-0.5
401,-0.5,-0.3333333333333333,-0.3333333333333333,-8
401,-0.5,0.6666666666666666,-0.3333333333333333,0
401,-0.5,-0.3333333333333333,0.6666666666666666,-1
402,-0.5,-0.3333333333333333,-0.3333333333333333,-1.5
402,-0.5,0.6666666666666666,-0.3333333333333333,1
402,-0.5,-0.3333333333333333,0.6666666666666666,0
403,-0.5,-0.3333333333333333,-0.3333333333333333,-1
403,-0.5,0.6666666666666666,-0.3333333333333333,4.5
403,-0.5,-0.3333333333333333,0.6666666666666666,-2.5
404,-0.5,-0.3333333333333333,-0.3333333333333333,0
404,-0.5,0.6666666666666666,-0.3333333333333333,-4.5
404,-0.5,-0.3333333333333333,0.6666666666666666,0
405,-0.5,-0.3333333333333333,-0.3333333333333333,0
405,-0.5,0.6666666666666666,-0.3333333333333333,0
405,-0.5,-0.3333333333333333,0.6666666666666666,0.5
406,-0.5,-0.3333333333333333,-0.3333333333333333,2
406,-0.5,0.6666666666666666,-0.3333333333333333,0
406,-0.5,-0.3333333333333333,0.6666666666666666,7.5
407,-0.5,-0.3333333333333333,-0.3333333333333333,0
407,-0.5,0.6666666666666666,-0.3333333333333333,-4.5
407,-0.5,-0.3333333333333333,0.6666666666666666,-12
408,-0.5,-0.3333333333333333,-0.3333333333333333,11.5
408,-0.5,0.6666666666666666,-0.3333333333333333,-3
408,-0.5,-0.3333333333333333,0.6666666666666666,12
409,-0.5,-0.3333333333333333,-0.3333333333333333,12
409,-0.5,0.6666666666666666,-0.3333333333333333,12
409,-0.5,-0.3333333333333333,0.6666666666666666,7.5
410,-0.5,-0.3333333333333333,-0.3333333333333333,-10.5
410,-0.5,0.6666666666666666,-0.3333333333333333,3.5
410,-0.5,-0.3333333333333333,0.6666666666666666,-10.5
411,-0.5,-0.3333333333333333,-0.3333333333333333,0
411,-0.5,0.6666666666666666,-0.3333333333333333,-1
411,-0.5,-0.3333333333333333,0.6666666666666666,-1
412,-0.5,-0.3333333333333333,-0.3333333333333333,3.5
412,-0.5,0.6666666666666666,-0.3333333333333333,-0.5
412,-0.5,-0.3333333333333333,0.6666666666666666,8
413,-0.5,-0.3333333333333333,-0.3333333333333333,10
413,-0.5,0.6666666666666666,-0.3333333333333333,-3
413,-0.5,-0.3333333333333333,0.6666666666666666,9
414,-0.5,-0.3333333333333333,-0.3333333333333333,4
414,-0.5,0.6666666666666666,-0.3333333333333333,0
414,-0.5,-0.3333333333333333,0.6666666666666666,6
415,-0.5,-0.3333333333333333,-0.3333333333333333,1
415,-0.5,0.6666666666666666,-0.3333333333333333,0.5
415,-0.5,-0.3333333333333333,0.6666666666666666,0
416,-0.5,-0.3333333333333333,-0.3333333333333333,1
416,-0.5,0.6666666666666666,-0.3333333333333333,-2
416,-0.5,-0.3333333333333333,0.6666666666666666,0
417,-0.5,-0.3333333333333333,-0.3333333333333333,9
417,-0.5,0.6666666666666666,-0.3333333333333333,0
417,-0.5,-0.3333333333333333,0.6666666666666666,0
418,-0.5,-0.3333333333333333,-0.3333333333333333,4
418,-0.5,0.6666666666666666,-0.3333333333333333,5
418,-0.5,-0.3333333333333333,0.6666666666666666,5.5
419,-0.5,-0.3333333333333333,-0.3333333333333333,-5
419,-0.5,0.6666666666666666,-0.3333333333333333,-6.5
419,-0.5,-0.3333333333333333,0.6666666666666666,1
420,-0.5,-0.3333333333333333,-0.3333333333333333,-2
420,-0.5,0.6666666666666666,-0.3333333333333333,2
420,-0.5,-0.3333333333333333,0.6666666666666666,-3
421,-0.5,-0.3333333333333333,-0.3333333333333333,6
421,-0.5,0.6666666666666666,-0.3333333333333333,8
421,-0.5,-0.3333333333333333,0.6666666666666666,3
422,-0.5,-0.3333333333333333,-0.3333333333333333,12
422,-0.5,0.6666666666666666,-0.3333333333333333,0
422,-0.5,-0.3333333333333333,0.6666666666666666,12
423,-0.5,-0.3333333333333333,-0.3333333333333333,1
423,-0.5,0.6666666666666666,-0.3333333333333333,0
423,-0.5,-0.3333333333333333,0.6666666666666666,5.5
424,-0.5,-0.3333333333333333,-0.3333333333333333,6
424,-0.5,0.6666666666666666,-0.3333333333333333,0
424,-0.5,-0.3333333333333333,0.6666666666666666,12
425,-0.5,-0.3333333333333333,-0.3333333333333333,6
425,-0.5,0.6666666666666666,-0.3333333333333333,-3
425,-0.5,-0.3333333333333333,0.6666666666666666,8
426,-0.5,-0.3333333333333333,-0.3333333333333333,1.5
426,-0.5,0.6666666666666666,-0.3333333333333333,1.5
426,-0.5,-0.3333333333333333,0.6666666666666666,-0.5
427,-0.5,-0.3333333333333333,-0.3333333333333333,7.5
427,-0.5,0.6666666666666666,-0.3333333333333333,1
427,-0.5,-0.3333333333333333,0.6666666666666666,6
428,-0.5,-0.3333333333333333,-0.3333333333333333,1
428,-0.5,0.6666666666666666,-0.3333333333333333,1
428,-0.5,-0.3333333333333333,0.6666666666666666,-0.5
429,-0.5,-0.3333333333333333,-0.3333333333333333,8
429,-0.5,0.6666666666666666,-0.3333333333333333,8
429,-0.5,-0.3333333333333333,0.6666666666666666,8
430,-0.5,-0.3333333333333333,-0.3333333333333333,-6
430,-0.5,0.6666666666666666,-0.3333333333333333,2.5
430,-0.5,-0.3333333333333333,0.6666666666666666,4.5
431,-0.5,-0.3333333333333333,-0.3333333333333333,0
431,-0.5,0.6666666666666666,-0.3333333333333333,0.5
431,-0.5,-0.3333333333333333,0.6666666666666666,3.5
432,-0.5,-0.3333333333333333,-0.3333333333333333,-12
432,-0.5,0.6666666666666666,-0.3333333333333333,0.5
432,-0.5,-0.3333333333333333,0.6666666666666666,-12
433,-0.5,-0.3333333333333333,-0.3333333333333333,1.5
433,-0.5,0.6666666666666666,-0.3333333333333333,-2.5
433,-0.5,-0.3333333333333333,0.6666666666666666,-4.5
434,-0.5,-0.3333333333333333,-0.3333333333333333,6
434,-0.5,0.6666666666666666,-0.3333333333333333,6
434,-0.5,-0.3333333333333333,0.6666666666666666,5
435,-0.5,-0.3333333333333333,-0.3333333333333333,1.5
435,-0.5,0.6666666666666666,-0.3333333333333333,0
435,-0.5,-0.3333333333333333,0.6666666666666666,-1.5
436,-0.5,-0.3333333333333333,-0.3333333333333333,-1.5
436,-0.5,0.6666666666666666,-0.3333333333333333,1
436,-0.5,-0.3333333333333333,0.6666666666666666,-3
437,-0.5,-0.3333333333333333,-0.3333333333333333,12
437,-0.5,0.6666666666666666,-0.3333333333333333,0
437,-0.5,-0.3333333333333333,0.6666666666666666,6
438,-0.5,-0.3333333333333333,-0.3333333333333333,-1.5
438,-0.5,0.6666666666666666,-0.3333333333333333,-7
438,-0.5,-0.3333333333333333,0.6666666666666666,4
439,-0.5,-0.3333333333333333,-0.3333333333333333,11
439,-0.5,0.6666666666666666,-0.3333333333333333,0.5
439,-0.5,-0.3333333333333333,0.6666666666666666,9.5
440,-0.5,-0.3333333333333333,-0.3333333333333333,0
440,-0.5,0.6666666666666666,-0.3333333333333333,-0.5
440,-0.5,-0.3333333333333333,0.6666666666666666,-0.5
441,-0.5,-0.3333333333333333,-0.3333333333333333,6
441,-0.5,0.6666666666666666,-0.3333333333333333,-2.5
441,-0.5,-0.3333333333333333,0.6666666666666666,2
442,-0.5,-0.3333333333333333,-0.3333333333333333,0.5
442,-0.5,0.6666666666666666,-0.3333333333333333,-2.5
442,-0.5,-0.3333333333333333,0.6666666666666666,-0.5
443,-0.5,-0.3333333333333333,-0.3333333333333333,8
443,-0.5,0.6666666666666666,-0.3333333333333333,2.5
443,-0.5,-0.3333333333333333,0.6666666666666666,2
444,-0.5,-0.3333333333333333,-0.3333333333333333,3.5
444,-0.5,0.6666666666666666,-0.3333333333333333,-4
444,-0.5,-0.3333333333333333,0.6666666666666666,9
445,-0.5,-0.3333333333333333,-0.3333333333333333,5
445,-0.5,0.6666666666666666,-0.3333333333333333,3
445,-0.5,-0.3333333333333333,0.6666666666666666,10.5
446,-0.5,-0.3333333333333333,-0.3333333333333333,6.5
446,-0.5,0.6666666666666666,-0.3333333333333333,-2.5
446,-0.5,-0.3333333333333333,0.6666666666666666,6.5
447,-0.5,-0.3333333333333333,-0.3333333333333333,6
447,-0.5,0.6666666666666666,-0.3333333333333333,-1
447,-0.5,-0.3333333333333333,0.6666666666666666,12
448,-0.5,-0.3333333333333333,-0.3333333333333333,3
448,-0.5,0.6666666666666666,-0.3333333333333333,1
448,-0.5,-0.3333333333333333,0.6666666666666666,6.5
449,-0.5,-0.3333333333333333,-0.3333333333333333,8
449,-0.5,0.6666666666666666,-0.3333333333333333,-1
449,-0.5,-0.3333333333333333,0.6666666666666666,8.5
450,0.5,-0.3333333333333333,-0.3333333333333333,2
450,0.5,0.6666666666666666,-0.3333333333333333,-0.5
450,0.5,-0.3333333333333333,0.6666666666666666,0
451,0.5,-0.3333333333333333,-0.3333333333333333,5
451,0.5,0.6666666666666666,-0.3333333333333333,-4.5
451,0.5,-0.3333333333333333,0.6666666666666666,3
452,0.5,-0.3333333333333333,-0.3333333333333333,5
452,0.5,0.6666666666666666,-0.3333333333333333,2.5
452,0.5,-0.3333333333333333,0.6666666666666666,6.5
453,0.5,-0.3333333333333333,-0.3333333333333333,7.5
453,0.5,0.6666666666666666,-0.3333333333333333,6
453,0.5,-0.3333333333333333,0.6666666666666666,7.5
454,0.5,-0.3333333333333333,-0.3333333333333333,-2.5
454,0.5,0.6666666666666666,-0.3333333333333333,0
454,0.5,-0.3333333333333333,0.6666666666666666,1
455,0.5,-0.3333333333333333,-0.3333333333333333,3
455,0.5,0.6666666666666666,-0.3333333333333333,3
455,0.5,-0.3333333333333333,0.6666666666666666,4.5
456,0.5,-0.3333333333333333,-0.3333333333333333,6
456,0.5,0.6666666666666666,-0.3333333333333333,-0.5
456,0.5,-0.3333333333333333,0.6666666666666666,0.5
457,0.5,-0.3333333333333333,-0.3333333333333333,7
457,0.5,0.6666666666666666,-0.3333333333333333,3.5
457,0.5,-0.3333333333333333,0.6666666666666666,5
458,0.5,-0.3333333333333333,-0.3333333333333333,1.5
458,0.5,0.6666666666666666,-0.3333333333333333,2.5
458,0.5,-0.3333333333333333,0.6666666666666666,-3
459,0.5,-0.3333333333333333,-0.3333333333333333,5.5
459,0.5,0.6666666666666666,-0.3333333333333333,0
459,0.5,-0.3333333333333333,0.6666666666666666,1.5
460,0.5,-0.3333333333333333,-0.3333333333333333,0
460,0.5,0.6666666666666666,-0.3333333333333333,0
460,0.5,-0.3333333333333333,0.6666666666666666,0
461,0.5,-0.3333333333333333,-0.3333333333333333,0.5
461,0.5,0.6666666666666666,-0.3333333333333333,-0.5
461,0.5,-0.3333333333333333,0.6666666666666666,-0.5
462,0.5,-0.3333333333333333,-0.3333333333333333,8
462,0.5,0.6666666666666666,-0.3333333333333333,6.5
462,0.5,-0.3333333333333333,0.6666666666666666,9.5
463,0.5,-0.3333333333333333,-0.3333333333333333,0
463,0.5,0.6666666666666666,-0.3333333333333333,2.5
463,0.5,-0.3333333333333333,0.6666666666666666,0
464,0.5,-0.3333333333333333,-0.3333333333333333,-2.5
464,0.5,0.6666666666666666,-0.3333333333333333,0
464,0.5,-0.3333333333333333,0.6666666666666666,-6
465,0.5,-0.3333333333333333,-0.3333333333333333,12
465,0.5,0.6666666666666666,-0.3333333333333333,2.5
465,0.5,-0.3333333333333333,0.6666666666666666,11
466,0.5,-0.3333333333333333,-0.3333333333333333,-3
466,0.5,0.6666666666666666,-0.3333333333333333,1.5
466,0.5,-0.3333333333333333,0.6666666666666666,-9
467,0.5,-0.3333333333333333,-0.3333333333333333,-0.5
467,0.5,0.6666666666666666,-0.3333333333333333,0.5
467,0.5,-0.3333333333333333,0.6666666666666666,-4
468,0.5,-0.3333333333333333,-0.3333333333333333,6.5
468,0.5,0.6666666666666666,-0.3333333333333333,4.5
468,0.5,-0.3333333333333333,0.6666666666666666,-1.5
469,0.5,-0.3333333333333333,-0.3333333333333333,-5.5
469,0.5,0.6666666666666666,-0.3333333333333333,-7
469,0.5,-0.3333333333333333,0.6666666666666666,2
470,0.5,-0.3333333333333333,-0.3333333333333333,12
470,0.5,0.6666666666666666,-0.3333333333333333,0
470,0.5,-0.3333333333333333,0.6666666666666666,12
471,0.5,-0.3333333333333333,-0.3333333333333333,4
471,0.5,0.6666666666666666,-0.3333333333333333,1
471,0.5,-0.3333333333333333,0.6666666666666666,3
472,0.5,-0.3333333333333333,-0.3333333333333333,9
472,0.5,0.6666666666666666,-0.3333333333333333,0
472,0.5,-0.3333333333333333,0.6666666666666666,6
473,0.5,-0.3333333333333333,-0.3333333333333333,5.5
473,0.5,0.6666666666666666,-0.3333333333333333,10
473,0.5,-0.3333333333333333,0.6666666666666666,6
474,0.5,-0.3333333333333333,-0.3333333333333333,3
474,0.5,0.6666666666666666,-0.3333333333333333,2
474,0.5,-0.3333333333333333,0.6666666666666666,0
475,0.5,-0.3333333333333333,-0.3333333333333333,-1.5
475,0.5,0.6666666666666666,-0.3333333333333333,0
475,0.5,-0.3333333333333333,0.6666666666666666,0
476,0.5,-0.3333333333333333,-0.3333333333333333,7.5
476,0.5,0.6666666666666666,-0.3333333333333333,0
476,0.5,-0.3333333333333333,0.6666666666666666,8.5
477,0.5,-0.3333333333333333,-0.3333333333333333,-4
477,0.5,0.6666666666666666,-0.3333333333333333,-7
477,0.5,-0.3333333333333333,0.6666666666666666,-6
478,0.5,-0.3333333333333333,-0.3333333333333333,4
478,0.5,0.6666666666666666,-0.3333333333333333,3.5
478,0.5,-0.3333333333333333,0.6666666666666666,7.5
479,0.5,-0.3333333333333333,-0.3333333333333333,3
479,0.5,0.6666666666666666,-0.3333333333333333,1.5
479,0.5,-0.3333333333333333,0.6666666666666666,1.5
480,0.5,-0.3333333333333333,-0.3333333333333333,6.5
480,0.5,0.6666666666666666,-0.3333333333333333,-2
480,0.5,-0.3333333333333333,0.6666666666666666,6.5
481,0.5,-0.3333333333333333,-0.3333333333333333,2.5
481,0.5,0.6666666666666666,-0.3333333333333333,6.5
481,0.5,-0.3333333333333333,0.6666666666666666,7.5
482,0.5,-0.3333333333333333,-0.3333333333333333,-2
482,0.5,0.6666666666666666,-0.3333333333333333,1
482,0.5,-0.3333333333333333,0.6666666666666666,2
483,0.5,-0.3333333333333333,-0.3333333333333333,5
483,0.5,0.6666666666666666,-0.3333333333333333,0
483,0.5,-0.3333333333333333,0.6666666666666666,2.5
484,0.5,-0.3333333333333333,-0.3333333333333333,9.5
484,0.5,0.6666666666666666,-0.3333333333333333,1
484,0.5,-0.3333333333333333,0.6666666666666666,8
485,0.5,-0.3333333333333333,-0.3333333333333333,6
485,0.5,0.6666666666666666,-0.3333333333333333,10.5
485,0.5,-0.3333333333333333,0.6666666666666666,8.5
486,0.5,-0.3333333333333333,-0.3333333333333333,2.5
486,0.5,0.6666666666666666,-0.3333333333333333,4.5
486,0.5,-0.3333333333333333,0.6666666666666666,3
487,0.5,-0.3333333333333333,-0.3333333333333333,5
487,0.5,0.6666666666666666,-0.3333333333333333,4.5
487,0.5,-0.3333333333333333,0.6666666666666666,4
488,0.5,-0.3333333333333333,-0.3333333333333333,-2.5
488,0.5,0.6666666666666666,-0.3333333333333333,-0.5
488,0.5,-0.3333333333333333,0.6666666666666666,-4
489,0.5,-0.3333333333333333,-0.3333333333333333,4
489,0.5,0.6666666666666666,-0.3333333333333333,3
489,0.5,-0.3333333333333333,0.6666666666666666,6.5
490,0.5,-0.3333333333333333,-0.3333333333333333,12
490,0.5,0.6666666666666666,-0.3333333333333333,0
490,0.5,-0.3333333333333333,0.6666666666666666,12
491,0.5,-0.3333333333333333,-0.3333333333333333,9.5
491,0.5,0.6666666666666666,-0.3333333333333333,5
491,0.5,-0.3333333333333333,0.6666666666666666,10.5
492,0.5,-0.3333333333333333,-0.3333333333333333,12
492,0.5,0.6666666666666666,-0.3333333333333333,0
492,0.5,-0.3333333333333333,0.6666666666666666,12
493,0.5,-0.3333333333333333,-0.3333333333333333,-5.5
493,0.5,0.6666666666666666,-0.3333333333333333,3
493,0.5,-0.3333333333333333,0.6666666666666666,-4.5
494,0.5,-0.3333333333333333,-0.3333333333333333,0.5
494,0.5,0.6666666666666666,-0.3333333333333333,0
494,0.5,-0.3333333333333333,0.6666666666666666,1.5
495,0.5,-0.3333333333333333,-0.3333333333333333,2.5
495,0.5,0.6666666666666666,-0.3333333333333333,-2
495,0.5,-0.3333333333333333,0.6666666666666666,1
496,0.5,-0.3333333333333333,-0.3333333333333333,1.5
496,0.5,0.6666666666666666,-0.3333333333333333,-3
496,0.5,-0.3333333333333333,0.6666666666666666,-3
497,0.5,-0.3333333333333333,-0.3333333333333333,-8
497,0.5,0.6666666666666666,-0.3333333333333333,-2.5
497,0.5,-0.3333333333333333,0.6666666666666666,-9
498,0.5,-0.3333333333333333,-0.3333333333333333,-1.5
498,0.5,0.6666666666666666,-0.3333333333333333,1.5
498,0.5,-0.3333333333333333,0.6666666666666666,-1
499,0.5,-0.3333333333333333,-0.3333333333333333,12
499,0.5,0.6666666666666666,-0.3333333333333333,12
499,0.5,-0.3333333333333333,0.6666666666666666,12
500,0.5,-0.3333333333333333,-0.3333333333333333,5.5
500,0.5,0.6666666666666666,-0.3333333333333333,-6.5
500,0.5,-0.3333333333333333,0.6666666666666666,-3
